,No.,Player Name,Position,Player_ID,Year,Country_Name
0,1.0,Sanchez Matias,S,142412,2021,Argentina
1,2.0,Pereyra Federico,O,117445,2021,Argentina
2,3.0,Martinez Franchi Jan,U,142410,2021,Argentina
3,5.0,Uriarte Nicolas,S,119846,2021,Argentina
4,6.0,Poglajen Cristian,OH,119853,2021,Argentina
5,7.0,Conte Facundo,OH,118886,2021,Argentina
6,8.0,Loser Agustin,MB,152692,2021,Argentina
7,9.0,Danani Santiago,L,153053,2021,Argentina
8,10.0,Lazo Nicolás,OH,136737,2021,Argentina
9,11.0,Solé Sebastian,MB,133730,2021,Argentina
10,12.0,Lima Bruno,O,142415,2021,Argentina
11,13.0,Palacios Ezequiel,OH,125048,2021,Argentina
12,14.0,Crer Pablo,MB,119851,2021,Argentina
13,15.0,De Cecco Luciano,S,117457,2021,Argentina
14,16.0,Palonsky Luciano,OH,162546,2021,Argentina
15,17.0,Mendez Nicolas,OH,125049,2021,Argentina
16,18.0,Ramos Martin,MB,125047,2021,Argentina
17,19.0,Massimino Franco,L,135349,2021,Argentina
18,,Marcelo MENDEZ,COACH,N/A,2021,Argentina
19,1.0,Graham Beau,MB,144457,2021,Australia
20,2.0,Dosanjh Arshdeep,S,144456,2021,Australia
21,3.0,Macdonald Steven,MB,162262,2021,Australia
22,7.0,Weir James,MB,162077,2021,Australia
23,8.0,O'Dea Trent,MB,144464,2021,Australia
24,11.0,Perry Luke,L,144578,2021,Australia
25,12.0,Mote Nehemiah,MB,144461,2021,Australia
26,15.0,Smith Luke,OH,120515,2021,Australia
27,16.0,Douglas-Powell Thomas Ewen,OH,132961,2021,Australia
28,21.0,Butler Nicholas,S,158841,2021,Australia
29,27.0,Senica Max,OH,162870,2021,Australia
30,28.0,Taylor Tim,OH,162267,2021,Australia
31,29.0,Garrett Ethan,OH,169335,2021,Australia
32,31.0,Aubrey Matthew,O,162265,2021,Australia
33,32.0,Azeez Oluwatobi Elliot,OH,181257,2021,Australia
34,33.0,Flowerday Sam,OH,178207,2021,Australia
35,34.0,Greber Billy,L,181247,2021,Australia
36,,Marcos Miranda,COACH,N/A,2021,Australia
37,1.0,Rezende Bruno Mossa,S,116099,2021,Brazil
38,3.0,De Barros Ferreira João Rafael,OH,136955,2021,Brazil
39,5.0,Borges Almeida Silva Mauricio,OH,132030,2021,Brazil
40,6.0,Gil Kreling Fernando,S,142744,2021,Brazil
41,8.0,De Souza Wallace,O,112869,2021,Brazil
42,9.0,Leal Hidalgo Yoandy,OH,118928,2021,Brazil
43,11.0,Kavalkievicz Gabriel,OH,151789,2021,Brazil
44,12.0,Santos Isac,MB,119872,2021,Brazil
45,13.0,De Souza Mauricio Luiz,MB,136734,2021,Brazil
46,14.0,Correia De Souza Douglas,OH,142741,2021,Brazil
47,15.0,Nascimento Maique Reis,L,161939,2021,Brazil
48,16.0,Saatkamp Lucas,MB,116081,2021,Brazil
49,17.0,Hoss Thales,L,118916,2021,Brazil
50,18.0,Souza Ricardo Lucarelli,OH,136468,2021,Brazil
51,21.0,Souza Alan,O,136947,2021,Brazil
52,23.0,Resende Gualberto Flavio,MB,136956,2021,Brazil
53,,CARLOS SCHWANKE,COACH,N/A,2021,Brazil
54,1.0,Karyagin Denis,OH,174445,2021,Bulgaria
55,2.0,Chavdarov Stefan,MB,180588,2021,Bulgaria
56,3.0,Kolev Nikolay,MB,173067,2021,Bulgaria
57,4.0,Atanasov Martin,OH,156676,2021,Bulgaria
58,6.0,Stankov Vladimir,S,162124,2021,Bulgaria
59,9.0,Seganov Georgi,S,137012,2021,Bulgaria
60,10.0,Stankov Svetoslav,S,181285,2021,Bulgaria
61,11.0,Grozdanov Aleks,MB,152619,2021,Bulgaria
62,12.0,Petrov Georgi,OH,173010,2021,Bulgaria
63,14.0,Asparuhov Asparuh,OH,168269,2021,Bulgaria
64,15.0,Lyutskanov Gordan,OH,152624,2021,Bulgaria
65,16.0,Ivanov Vladislav,L,118484,2021,Bulgaria
66,19.0,Sokolov Tsvetan,O,118488,2021,Bulgaria
67,22.0,Kartev Nikolay,MB,162123,2021,Bulgaria
68,24.0,Ivanov Martin,L,173009,2021,Bulgaria
69,25.0,Parapunov Radoslav,O,150277,2021,Bulgaria
70,26.0,Ivanov Svetoslav,OH,164812,2021,Bulgaria
71,,Silvano Prandi,COACH,N/A,2021,Bulgaria
72,1.0,Sanders Tyler,S,136299,2021,Canada
73,2.0,Perrin John Gordon,OH,124556,2021,Canada
74,3.0,Marshall Steven,L,139429,2021,Canada
75,4.0,Hoag Nicholas,OH,136291,2021,Canada
76,6.0,Pereira Jordan,L,157334,2021,Canada
77,7.0,Maar Stephen Timothy,OH,140061,2021,Canada
78,8.0,Blankenau Jay,S,124553,2021,Canada
79,10.0,Sclater Ryan Joseph,O,140428,2021,Canada
80,11.0,Jansen Vandoorn Daniel,MB,139499,2021,Canada
81,12.0,Van Berkel Lucas,MB,136296,2021,Canada
82,13.0,Vernon-Evans Sharone,O,157321,2021,Canada
83,14.0,Loeppky Eric,OH,157327,2021,Canada
84,17.0,Vigrass Graham,MB,124551,2021,Canada
85,19.0,Bann Blair Cameron,L,139490,2021,Canada
86,20.0,Szwarc Arthur,O,151871,2021,Canada
87,21.0,Walsh Brett James,S,143745,2021,Canada
88,23.0,Demyanenko Danny,MB,140042,2021,Canada
89,,Glenn Hoag,COACH,N/A,2021,Canada
90,1.0,Chinenyeze Barthélémy,MB,152494,2021,Germany
91,2.0,Grebennikov Jenia,L,119792,2021,Germany
92,4.0,Patry Jean,O,142694,2021,Germany
93,6.0,Toniutti Benjamin,S,119804,2021,Germany
94,7.0,Tillie Kevin,OH,124518,2021,Germany
95,8.0,Lyneel Julien,OH,119798,2021,Germany
96,9.0,Ngapeth Earvin,OH,119800,2021,Germany
97,11.0,Brizard Antoine,S,136851,2021,Germany
98,12.0,Boyer Stephen,O,142710,2021,Germany
99,14.0,Le Goff Nicolas,MB,125073,2021,Germany
100,16.0,Bultor Daryl,MB,142677,2021,Germany
101,17.0,Clevenot Trevor,OH,132948,2021,Germany
102,18.0,Rossard Thibault,OH,136867,2021,Germany
103,19.0,Louati Yacine,OH,120735,2021,Germany
104,20.0,Diez Benjamin,L,152506,2021,Germany
105,21.0,Faure Théo,O,163309,2021,Germany
106,23.0,Meyer Léo,S,152514,2021,Germany
107,24.0,Gueye Mousse,MB,181197,2021,Germany
108,,Laurent TILLIE,COACH,N/A,2021,Germany
109,1.0,Fromm Christian,OH,119779,2021,Iran
110,3.0,Schott Ruben,OH,136441,2021,Iran
111,5.0,Reichert Moritz,OH,139386,2021,Iran
112,6.0,Kaliberda Denys,OH,119775,2021,Iran
113,7.0,Sossenheimer David,L,156599,2021,Iran
114,8.0,Böhme Marcus,MB,116015,2021,Iran
115,10.0,Zenger Julian,L,152470,2021,Iran
116,11.0,Kampa Lukas,S,116575,2021,Iran
117,13.0,Hirsch Simon,O,136253,2021,Iran
118,15.0,Baxpöhler Noah,MB,156596,2021,Iran
119,16.0,Burggräf Eric,S,162788,2021,Iran
120,17.0,Zimmermann Jan,S,136442,2021,Iran
121,18.0,Krage Florian,MB,162790,2021,Iran
122,19.0,Röhrs Erik,OH,174660,2021,Iran
123,20.0,Weber Linus,O,162082,2021,Iran
124,21.0,Krick Tobias,MB,152349,2021,Iran
125,25.0,Maase Lukas,MB,152352,2021,Iran
126,,Andrea Giani,COACH,N/A,2021,Iran
127,2.0,Ebadipour Ghara H. Milad,OH,136751,2021,Italy
128,3.0,Abedini Reza,MB,150817,2021,Italy
129,4.0,Marouflakrani Mir Saeid,S,117478,2021,Italy
130,6.0,Mousavi Eraghi Seyed Mohammad,MB,118827,2021,Italy
131,7.0,Fayazi D. Purya,OH,162173,2021,Italy
132,8.0,Hazratpourtalatappeh Mohammadreza,L,163176,2021,Italy
133,9.0,Gholami Masoud,MB,142078,2021,Italy
134,10.0,Ghafour Amir,O,124584,2021,Italy
135,11.0,Kazemi Saber,O,164188,2021,Italy
136,12.0,Sharifi Morteza,OH,152742,2021,Italy
137,15.0,Mojarad Aliasghar,MB,152743,2021,Italy
138,17.0,Salehi Meisam,OH,162557,2021,Italy
139,18.0,Vadi Mohammad Taher,S,119750,2021,Italy
140,21.0,Salehi Arman,L,181182,2021,Italy
141,22.0,Esfandiar Amirhossein,OH,152752,2021,Italy
142,23.0,Saadat Bardia,O,168551,2021,Italy
143,24.0,Karimisouchelmaei Javad,S,152755,2021,Italy
144,,VLADIMIR ALEKNO,COACH,N/A,2021,Italy
145,1.0,Gardini Davide,OH,152422,2021,Japan
146,7.0,Balaso Fabio,L,150436,2021,Japan
147,15.0,Sbertoli Riccardo,S,152370,2021,Japan
148,18.0,Michieletto Alessandro,OH,171191,2021,Japan
149,20.0,Nelli Gabriele,O,137823,2021,Japan
150,21.0,Spirito Luca,S,143692,2021,Japan
151,23.0,Pinali Giulio,O,162518,2021,Japan
152,24.0,Cavuto Oreste,OH,152492,2021,Japan
153,25.0,Vitelli Marco,MB,150435,2021,Japan
154,26.0,Cortesia Lorenzo,MB,163028,2021,Japan
155,27.0,Scanferla Leonardo,L,181128,2021,Japan
156,28.0,Recine Francesco,OH,163033,2021,Japan
157,29.0,Bottolo Mattia,OH,163447,2021,Japan
158,30.0,Mosca Leandro Ausibio,MB,174074,2021,Japan
159,31.0,Federici Filippo,L,163025,2021,Japan
160,,Antonio Valentini,COACH,N/A,2021,Japan
161,1.0,Shimizu Kunihiro,O,118511,2021,Netherlands
162,2.0,Onodera Taishi,MB,142565,2021,Netherlands
163,3.0,Fujii Naonobu,S,162104,2021,Netherlands
164,4.0,Otake Issei,O,142575,2021,Netherlands
165,5.0,Fukuzawa Tatsuya,OH,114415,2021,Netherlands
166,6.0,Yamauchi Akihiro,MB,146409,2021,Netherlands
167,11.0,Nishida Yuji,O,163519,2021,Netherlands
168,12.0,Sekita Masahiro,S,133009,2021,Netherlands
169,13.0,Oya Masaki,S,142570,2021,Netherlands
170,14.0,Ishikawa Yuki,OH,142568,2021,Netherlands
171,15.0,Ri Haku,MB,146410,2021,Netherlands
172,16.0,Takahashi Kentaro,MB,142561,2021,Netherlands
173,17.0,Takanashi Kenta,OH,153365,2021,Netherlands
174,19.0,Otsuka Tatsunori,OH,163516,2021,Netherlands
175,20.0,Yamamoto Tomohiro,L,172893,2021,Netherlands
176,21.0,Takahashi Ran,OH,178762,2021,Netherlands
177,24.0,Ogawa Tomohiro,L,180990,2021,Netherlands
178,,Yuichi NAKAGAICHI,COACH,N/A,2021,Netherlands
179,1.0,Nowakowski Piotr,MB,120245,2021,Poland
180,2.0,Muzaj Maciej,O,156531,2021,Poland
181,4.0,Komenda Marcin,S,153389,2021,Poland
182,5.0,Kaczmarek Lukasz,O,162105,2021,Poland
183,6.0,Kurek Bartosz,O,115806,2021,Poland
184,9.0,Leon Venero Wilfredo,OH,119646,2021,Poland
185,10.0,Wojtaszek Damian,L,135322,2021,Poland
186,11.0,Drzyzga Fabian,S,118612,2021,Poland
187,12.0,Lomacz Grzegorz,S,115794,2021,Poland
188,13.0,Kubiak Michal,OH,115845,2021,Poland
189,14.0,Sliwka Aleksander,OH,142679,2021,Poland
190,15.0,Kochanowski Jakub,MB,152870,2021,Poland
191,16.0,Semeniuk Kamil,OH,153395,2021,Poland
192,17.0,Zatorski Pawel,L,118614,2021,Poland
193,20.0,Bieniek Mateusz,MB,150734,2021,Poland
194,21.0,Fornal Tomasz,OH,152866,2021,Poland
195,22.0,Bednorz Bartosz,OH,150742,2021,Poland
196,77.0,Klos Karol,MB,118618,2021,Poland
197,99.0,Huber Norbert,MB,152869,2021,Poland
198,,Vital HEYNEN,COACH,N/A,2021,Poland
199,1.0,Podlesnykh Yaroslav,OH,168238,2021,Russia
200,2.0,Vlasov Ilia,MB,142651,2021,Russia
201,4.0,Volvich Artem,MB,119817,2021,Russia
202,6.0,Baranov Evgeny,L,148521,2021,Russia
203,7.0,Volkov Dmitry,OH,142648,2021,Russia
204,9.0,Iakovlev Ivan,MB,142657,2021,Russia
205,10.0,Bogdan Denis,OH,153362,2021,Russia
206,11.0,Pankov Pavel,S,136632,2021,Russia
207,13.0,Muserskiy Dmitriy,O,122265,2021,Russia
208,15.0,Poletaev Victor,O,142635,2021,Russia
209,17.0,Mikhaylov Maxim,O,117184,2021,Russia
210,18.0,Kliuka Egor,OH,152885,2021,Russia
211,20.0,Kurkaev Ilyas,MB,143711,2021,Russia
212,24.0,Kobzar Igor,S,124794,2021,Russia
213,27.0,Golubev Valentin,L,132391,2021,Russia
214,,Tuomas Sammelvuo,COACH,N/A,2021,Russia
215,2.0,Kovacevic Uros,OH,124926,2021,Serbia
216,3.0,Kapur Milorad,L,136360,2021,Serbia
217,6.0,Pekovic Nikola,L,150383,2021,Serbia
218,7.0,Krsmanovic Petar,MB,146579,2021,Serbia
219,8.0,Ivovic Marko,OH,132022,2021,Serbia
220,9.0,Jovovic Nikola,S,124911,2021,Serbia
221,10.0,Kujundžić Miran,OH,162122,2021,Serbia
222,11.0,Batak Aleksa,S,173249,2021,Serbia
223,12.0,Peric Pavle,OH,173251,2021,Serbia
224,13.0,Simic Stevan,MB,143792,2021,Serbia
225,14.0,Atanasijevic Aleksandar,O,124915,2021,Serbia
226,16.0,Luburic Drazen,O,143794,2021,Serbia
227,18.0,Podrascanin Marko,MB,116525,2021,Serbia
228,21.0,Todorovic Vuk,S,173250,2021,Serbia
229,23.0,Vucicevic Bozidar,O,168276,2021,Serbia
230,26.0,Kovac Davide,OH,146751,2021,Serbia
231,,Slobodan KOVAČ,COACH,N/A,2021,Serbia
232,1.0,Štern Tonček,O,151390,2021,Slovenia
233,2.0,Pajenk Alen,MB,114962,2021,Slovenia
234,3.0,Pernuš Gregor,S,181130,2021,Slovenia
235,4.0,Kozamernik Jan,MB,151391,2021,Slovenia
236,5.0,Šket Alen,O,119022,2021,Slovenia
237,6.0,Gasparini Mitja,O,114952,2021,Slovenia
238,9.0,Vincic Dejan,S,114956,2021,Slovenia
239,10.0,Štalekar Sašo,MB,151404,2021,Slovenia
240,11.0,Štern Žiga,OH,155920,2021,Slovenia
241,12.0,Klobucar Jan,L,154546,2021,Slovenia
242,13.0,Kovačič Jani,L,144415,2021,Slovenia
243,15.0,Videčnik Matic,MB,161754,2021,Slovenia
244,16.0,Ropret Gregor,S,119018,2021,Slovenia
245,17.0,Urnaut Tine,OH,114957,2021,Slovenia
246,18.0,Čebulj Klemen,OH,136918,2021,Slovenia
247,19.0,Možič Rok,OH,168747,2021,Slovenia
248,,ALBERTO GIULIANI,COACH,N/A,2021,Slovenia
249,1.0,Anderson Matthew,O,118893,2021,USA
250,3.0,Sander Taylor,OH,124941,2021,USA
251,4.0,Jendryk II Jeffrey,MB,147721,2021,USA
252,5.0,Ensing Kyle,O,147417,2021,USA
253,6.0,Stahl Mitchell,MB,140185,2021,USA
254,7.0,Shoji Kawika,S,118913,2021,USA
255,8.0,Defalco Torey,OH,139254,2021,USA
256,9.0,Hanes Jake,O,170104,2021,USA
257,11.0,Christenson Micah,S,124879,2021,USA
258,12.0,Holt Maxwell,MB,118901,2021,USA
259,13.0,Patch Benjamin,O,136074,2021,USA
260,15.0,Sander Brenden,OH,147725,2021,USA
261,16.0,Tuaniga Joshua,S,147543,2021,USA
262,17.0,Jaeschke Thomas,OH,143682,2021,USA
263,18.0,Muagututia Garrett,OH,133463,2021,USA
264,19.0,Averill Taylor,MB,148120,2021,USA
265,20.0,Smith David,MB,116069,2021,USA
266,21.0,Watten Dustin,L,133895,2021,USA
267,22.0,Shoji Erik,L,119732,2021,USA
268,,John Speraw,COACH,N/A,2021,USA
269,1.0,Sanchez Matias,S,142412,2022,Argentina
270,2.0,Scarpa Tobias,L,174866,2022,Argentina
271,3.0,Martinez Franchi Jan,U,142410,2022,Argentina
272,4.0,Gallego Joaquin,MB,142411,2022,Argentina
273,5.0,Urchevich Pablo,S,171315,2022,Argentina
274,6.0,Martina Federico,O,132647,2022,Argentina
275,7.0,Conte Facundo,OH,118886,2022,Argentina
276,8.0,Loser Agustin,MB,152692,2022,Argentina
277,9.0,Danani Santiago,L,153053,2022,Argentina
278,10.0,Lazo Nicolás,OH,136737,2022,Argentina
279,11.0,Armoa Manuel,OH,174853,2022,Argentina
280,12.0,Lima Bruno,O,142415,2022,Argentina
281,13.0,Palacios Ezequiel,OH,125048,2022,Argentina
282,14.0,Mendez Nicolas,OH,125049,2022,Argentina
283,15.0,De Cecco Luciano,S,117457,2022,Argentina
284,16.0,Palonsky Luciano,OH,162546,2022,Argentina
285,17.0,Vicentin Luciano,OH,163555,2022,Argentina
286,18.0,Ramos Martin,MB,125047,2022,Argentina
287,19.0,Massimino Franco,L,135349,2022,Argentina
288,20.0,Zelayeta Mauro,OH,160816,2022,Argentina
289,22.0,Zerba Nicolas,MB,162543,2022,Argentina
290,23.0,Rajczakowski Flavio,MB,162542,2022,Argentina
291,24.0,Balague Manuel,O,152699,2022,Argentina
292,66.0,Medina Franco,MB,163557,2022,Argentina
293,77.0,Giraudo Matias,S,142420,2022,Argentina
294,,Marcelo Rodolfo MENDEZ,COACH,N/A,2022,Argentina
295,1.0,Graham Beau,MB,144457,2022,Australia
296,2.0,Dosanjh Arshdeep,S,144456,2022,Australia
297,3.0,Pope Lorenzo,OH,174192,2022,Australia
298,4.0,Holland Jackson,L,160879,2022,Australia
299,5.0,Murch Malachi,OH,139052,2022,Australia
300,6.0,Edgar Thomas,O,125036,2022,Australia
301,7.0,Weir James,MB,162077,2022,Australia
302,8.0,O'Dea Trent,MB,144464,2022,Australia
303,9.0,Staples Max,OH,135532,2022,Australia
304,10.0,Borgeaud Nicolas,S,151041,2022,Australia
305,11.0,Perry Luke,L,144578,2022,Australia
306,12.0,Mote Nehemiah,MB,144461,2022,Australia
307,13.0,Heptinstall Thomas,O,168641,2022,Australia
308,14.0,Hazelden Hamish,O,162264,2022,Australia
309,15.0,McAinsh Conal Tain,MB,172376,2022,Australia
310,17.0,Phillips Korben,MB,181281,2022,Australia
311,18.0,Williams Lincoln Alexander,O,132958,2022,Australia
312,19.0,D'Arcy-Miles William,O,186917,2022,Australia
313,21.0,Butler Nicholas,S,158841,2022,Australia
314,23.0,Flowerday Sam,OH,178207,2022,Australia
315,26.0,Sidiropoulos Dimitri,S,172333,2022,Australia
316,27.0,Senica Max,OH,162870,2022,Australia
317,29.0,Garrett Ethan,OH,169335,2022,Australia
318,31.0,Aubrey Matthew,O,162265,2022,Australia
319,33.0,Bray Lachlan,OH,189191,2022,Australia
320,,David Preston,COACH,N/A,2022,Australia
321,1.0,Rezende Bruno Mossa,S,116099,2022,Brazil
322,2.0,Andrade Leonardo Henrique,MB,174334,2022,Brazil
323,3.0,De Barros Ferreira João Rafael,OH,136955,2022,Brazil
324,4.0,Cargnin Paese Franco Willian,O,124456,2022,Brazil
325,5.0,Gonçalves Matheus Silva,S,161942,2022,Brazil
326,6.0,Fernandes P.X.Cavalcante Adriano,OH,174908,2022,Brazil
327,7.0,Arjona William,S,135380,2022,Brazil
328,8.0,De Souza Wallace,O,112869,2022,Brazil
329,9.0,Leal Hidalgo Yoandy,OH,118928,2022,Brazil
330,10.0,Bispo dos Santos Matheus,MB,164313,2022,Brazil
331,11.0,Leao Rodrigo,OH,142721,2022,Brazil
332,12.0,Santos Isac,MB,119872,2022,Brazil
333,13.0,Kavalkievicz Gabriel,OH,151789,2022,Brazil
334,14.0,Gil Kreling Fernando,S,142744,2022,Brazil
335,15.0,Nascimento Maique Reis,L,161939,2022,Brazil
336,16.0,Saatkamp Lucas,MB,116081,2022,Brazil
337,17.0,Hoss Thales,L,118916,2022,Brazil
338,18.0,Souza Ricardo Lucarelli,OH,136468,2022,Brazil
339,19.0,Santos Leandro,MB,136954,2022,Brazil
340,20.0,Honorato Henrique Dantas Nóbrega,OH,161930,2022,Brazil
341,21.0,Souza Alan,O,136947,2022,Brazil
342,22.0,Elias Alexandre Figueiredo,L,161911,2022,Brazil
343,23.0,Resende Gualberto Flavio,MB,136956,2022,Brazil
344,25.0,Almeida Cardoso Victor Alexsander,OH,161946,2022,Brazil
345,28.0,Ferreira Souza Darlan,O,174902,2022,Brazil
346,,RENAN DAL ZOTTO,COACH,N/A,2022,Brazil
347,1.0,Karyagin Denis,OH,174445,2022,Bulgaria
348,2.0,Chavdarov Stefan,MB,180588,2022,Bulgaria
349,3.0,Kolev Nikolay,MB,173067,2022,Bulgaria
350,4.0,Atanasov Martin,OH,156676,2022,Bulgaria
351,5.0,Gotsev Svetoslav,MB,132035,2022,Bulgaria
352,6.0,Stankov Vladimir,S,162124,2022,Bulgaria
353,7.0,Dimitrov Dobromir,S,136489,2022,Bulgaria
354,9.0,Seganov Georgi,S,137012,2022,Bulgaria
355,10.0,Stankov Svetoslav,S,181285,2022,Bulgaria
356,11.0,Grozdanov Aleks,MB,152619,2022,Bulgaria
357,12.0,Tatarov Georgi,O,174484,2022,Bulgaria
358,13.0,Dimitrov Dimitar,O,180587,2022,Bulgaria
359,14.0,Asparuhov Asparuh,OH,168269,2022,Bulgaria
360,15.0,Parapunov Radoslav,O,150277,2022,Bulgaria
361,16.0,Ivanov Vladislav,L,118484,2022,Bulgaria
362,17.0,Valchinov Samuil,OH,174444,2022,Bulgaria
363,18.0,Ivanov Svetoslav,OH,164812,2022,Bulgaria
364,20.0,Ragin Ventsislav,MB,136483,2022,Bulgaria
365,21.0,Petkov Iliya,MB,168268,2022,Bulgaria
366,22.0,Kartev Nikolay,MB,162123,2022,Bulgaria
367,23.0,Nikolov Aleksandar,OH,180586,2022,Bulgaria
368,24.0,Ivanov Martin,L,173009,2022,Bulgaria
369,25.0,Antov Venislav,O,181806,2022,Bulgaria
370,26.0,Zahariev Nikolay,MB,174446,2022,Bulgaria
371,27.0,Bozhilov Martin,L,135372,2022,Bulgaria
372,,Nikolay Jeliazkov,COACH,N/A,2022,Bulgaria
373,1.0,Canham Jordan,O,168941,2022,Canada
374,2.0,Neaves Matthew,O,168922,2022,Canada
375,3.0,Elser Jesse,OH,162249,2022,Canada
376,4.0,Hoag Nicholas,OH,136291,2022,Canada
377,5.0,Loeppky Eric,OH,157327,2022,Canada
378,6.0,Demyanenko Danny,MB,140042,2022,Canada
379,7.0,Maar Stephen Timothy,OH,140061,2022,Canada
380,8.0,Walsh Brett James,S,143745,2022,Canada
381,9.0,Blankenau Jay,S,124553,2022,Canada
382,10.0,Sclater Ryan Joseph,O,140428,2022,Canada
383,11.0,Eshenko Pearson,MB,157324,2022,Canada
384,12.0,Van Berkel Lucas,MB,136296,2022,Canada
385,13.0,Elgert Max,S,157588,2022,Canada
386,14.0,Ketrzynski Xander,MB,168918,2022,Canada
387,15.0,Wilson Marc Major,L,153661,2022,Canada
388,16.0,Schnitzer Jordan,MB,183276,2022,Canada
389,17.0,Barnes Ryley Brendan,OH,140057,2022,Canada
390,18.0,Lui Justin,L,168925,2022,Canada
391,19.0,Hofer Brodie,OH,168914,2022,Canada
392,20.0,Epp Derek,S,157332,2022,Canada
393,21.0,Howe Jackson,MB,169578,2022,Canada
394,22.0,Koppers Brandon,OH,148397,2022,Canada
395,23.0,McCarthy Fynnian Lionel,MB,162251,2022,Canada
396,24.0,Elser Mathias,OH,168908,2022,Canada
397,25.0,Cooper Samuel,OH,182679,2022,Canada
398,,Benjamin Josephson,COACH,N/A,2022,Canada
399,1.0,Chinenyeze Barthélémy,MB,152494,2022,China
400,2.0,Grebennikov Jenia,L,119792,2022,China
401,3.0,Corre Raphaël,S,119791,2022,China
402,4.0,Patry Jean,O,142694,2022,China
403,5.0,Mouiel Jérémie,L,142691,2022,China
404,6.0,Toniutti Benjamin,S,119804,2022,China
405,7.0,Tillie Kevin,OH,124518,2022,China
406,9.0,Ngapeth Earvin,OH,119800,2022,China
407,11.0,Brizard Antoine,S,136851,2022,China
408,12.0,Boyer Stephen,O,142710,2022,China
409,13.0,Ramon Luca,L,164029,2022,China
410,14.0,Le Goff Nicolas,MB,125073,2022,China
411,15.0,Henry Médéric,MB,136855,2022,China
412,16.0,Bultor Daryl,MB,142677,2022,China
413,17.0,Clevenot Trevor,OH,132948,2022,China
414,19.0,Louati Yacine,OH,120735,2022,China
415,20.0,Diez Benjamin,L,152506,2022,China
416,21.0,Faure Théo,O,163309,2022,China
417,22.0,Derouillon Pierre,OH,152531,2022,China
418,23.0,Basic Luka,OH,142659,2022,China
419,24.0,Gueye Mousse,MB,181197,2022,China
420,25.0,Jouffroy Quentin,MB,136856,2022,China
421,26.0,Rebeyrol François,OH,164022,2022,China
422,27.0,Lawani Ibrahim,O,183115,2022,China
423,28.0,Gill Thomas,S,164020,2022,China
424,,Andrea GIANI,COACH,N/A,2022,China
425,1.0,Fromm Christian,OH,119779,2022,France
426,2.0,Tille Johannes,S,152469,2022,France
427,3.0,Schott Ruben,OH,136441,2022,France
428,4.0,Graven Leonard,L,182291,2022,France
429,5.0,Reichert Moritz,OH,139386,2022,France
430,10.0,Zenger Julian,L,152470,2022,France
431,11.0,Kampa Lukas,S,116575,2022,France
432,14.0,Karlitzek Moritz,OH,156597,2022,France
433,15.0,Hüther Franz,MB,189255,2022,France
434,16.0,Burggräf Eric,S,162788,2022,France
435,17.0,Zimmermann Jan,S,136442,2022,France
436,18.0,Krage Florian,MB,162790,2022,France
437,19.0,Röhrs Erik,OH,174660,2022,France
438,20.0,Weber Linus,O,162082,2022,France
439,21.0,Krick Tobias,MB,152349,2022,France
440,22.0,Brand Tobias,OH,163592,2022,France
441,23.0,Goralik Yannick,MB,183112,2022,France
442,24.0,Malescha Daniel,O,156598,2022,France
443,25.0,Maase Lukas,MB,152352,2022,France
444,27.0,Eckardt Moritz,L,174663,2022,France
445,29.0,Dervisaj Leon,S,176931,2022,France
446,32.0,Ferch Iven,MB,152751,2022,France
447,38.0,Peter Tim,OH,152713,2022,France
448,40.0,Schulz Max,OH,174640,2022,France
449,44.0,Gallas Simon,O,181283,2022,France
450,,Michał WINIARSKI,COACH,N/A,2022,France
451,1.0,Jelveh Ghaziani Mahdi,MB,163173,2022,Germany
452,2.0,Ebadipour Ghara H. Milad,OH,136751,2022,Germany
453,3.0,Abedini Reza,MB,150817,2022,Germany
454,5.0,Toukhteh Amir Hossein,MB,163179,2022,Germany
455,7.0,Mosaferdashliboroun Esmaeil,OH,152741,2022,Germany
456,8.0,Hazratpourtalatappeh Mohammadreza,L,163176,2022,Germany
457,9.0,Moazzen Mohammadreza,L,153535,2022,Germany
458,11.0,Kazemi Saber,O,164188,2022,Germany
459,12.0,Mirzajanpour M. Mojtaba,OH,124251,2022,Germany
460,13.0,Ramezani Ali,S,152753,2022,Germany
461,14.0,Salehi Meisam,OH,162557,2022,Germany
462,15.0,Mojarad Aliasghar,MB,152743,2022,Germany
463,16.0,Gholipour Gholchi Abolfazl,L,132534,2022,Germany
464,17.0,Esmaeilnezhad Amin,O,153539,2022,Germany
465,18.0,Vadi Mohammad Taher,S,119750,2022,Germany
466,19.0,Daneshdoust Ehsan,OH,163174,2022,Germany
467,20.0,Yali Porya,O,152762,2022,Germany
468,21.0,Sarlak Amir Reza,MB,174560,2022,Germany
469,22.0,Esfandiar Amirhossein,OH,152752,2022,Germany
470,23.0,Saadat Bardia,O,168551,2022,Germany
471,24.0,Karimisouchelmaei Javad,S,152755,2022,Germany
472,25.0,Pazhooman Fazel,S,189118,2022,Germany
473,26.0,Malakisorkhi Mehrab,MB,189175,2022,Germany
474,30.0,Farhadi Amir Hassan,OH,182187,2022,Germany
475,49.0,Sharifi Morteza,OH,152742,2022,Germany
476,,Behrouz ATAEI NOURI,COACH,N/A,2022,Germany
477,1.0,Pinali Giulio,O,162518,2022,Iran
478,2.0,Ricci Fabio,MB,141638,2022,Iran
479,3.0,Recine Francesco,OH,163033,2022,Iran
480,4.0,Cavuto Oreste,OH,152492,2022,Iran
481,5.0,Michieletto Alessandro,OH,171191,2022,Iran
482,6.0,Giannelli Simone,S,144005,2022,Iran
483,7.0,Balaso Fabio,L,150436,2022,Iran
484,8.0,Sbertoli Riccardo,S,152370,2022,Iran
485,9.0,Zaytsev Ivan,OH,120511,2022,Iran
486,10.0,Falaschi Marco,S,115843,2022,Iran
487,11.0,Gardini Davide,OH,152422,2022,Iran
488,12.0,Bottolo Mattia,OH,163447,2022,Iran
489,13.0,Cortesia Lorenzo,MB,163028,2022,Iran
490,14.0,Galassi Gianluca,MB,152408,2022,Iran
491,15.0,Lavia Daniele,OH,153200,2022,Iran
492,16.0,Romanò Yuri,O,162520,2022,Iran
493,17.0,Anzani Simone,MB,124865,2022,Iran
494,18.0,Gironi Fabrizio,OH,163032,2022,Iran
495,19.0,Russo Roberto,MB,152405,2022,Iran
496,20.0,Porro Paolo,S,172961,2022,Iran
497,21.0,Piccinelli Alessandro,L,152412,2022,Iran
498,22.0,Stefani Tommaso,O,172965,2022,Iran
499,24.0,Scanferla Leonardo,L,181128,2022,Iran
500,25.0,Vitelli Marco,MB,150435,2022,Iran
501,30.0,Mosca Leandro Ausibio,MB,174074,2022,Iran
502,,FERDINANDO DE GIORGI,COACH,N/A,2022,Iran
503,1.0,Nishida Yuji,O,163519,2022,Italy
504,2.0,Onodera Taishi,MB,142565,2022,Italy
505,3.0,Fukatsu Akihiro,S,118822,2022,Italy
506,4.0,Otake Issei,O,142575,2022,Italy
507,5.0,Otsuka Tatsunori,OH,163516,2022,Italy
508,6.0,Yamauchi Akihiro,MB,146409,2022,Italy
509,7.0,Takanashi Kenta,OH,153365,2022,Italy
510,8.0,Sekita Masahiro,S,133009,2022,Italy
511,9.0,Oya Masaki,S,142570,2022,Italy
512,10.0,Takahashi Kentaro,MB,142561,2022,Italy
513,11.0,Tomita Shoma,OH,178761,2022,Italy
514,12.0,Takahashi Ran,OH,178762,2022,Italy
515,13.0,Ogawa Tomohiro,L,180990,2022,Italy
516,14.0,Ishikawa Yuki,OH,142568,2022,Italy
517,16.0,Miyaura Kento,O,163038,2022,Italy
518,17.0,Yamazaki Akito,OH,189192,2022,Italy
519,18.0,Nakamoto Kenyu,OH,152593,2022,Italy
520,20.0,Yamamoto Tomohiro,L,172893,2022,Italy
521,21.0,Eiro Motoki,S,142562,2022,Italy
522,22.0,Higuchi Yuki,OH,153359,2022,Italy
523,24.0,Takahashi Kazuyuki,L,189038,2022,Italy
524,26.0,Murayama Go,MB,189037,2022,Italy
525,30.0,Evbade-Dan Larry Ik,MB,189039,2022,Italy
526,34.0,Kai Masato,OH,189064,2022,Italy
527,36.0,Komiya Yuichiro,MB,150729,2022,Italy
528,,Philippe BLAIN,COACH,N/A,2022,Italy
529,1.0,Held Markus,S,181284,2022,Japan
530,2.0,Keemink Wessel,S,141546,2022,Japan
531,3.0,Van Garderen Maarten,OH,139929,2022,Japan
532,4.0,Ter Horst Thijs,OH,137345,2022,Japan
533,5.0,van Der Ent Cornelis Luuc,MB,169921,2022,Japan
534,6.0,Wijkstra Jasper,OH,184894,2022,Japan
535,7.0,Jorna Gijs,OH,131980,2022,Japan
536,8.0,Plak Fabian,MB,156678,2022,Japan
537,9.0,Ottevanger Steven,L,176460,2022,Japan
538,10.0,van Tilburg Stijn,O,169923,2022,Japan
539,11.0,Brilhuis Martijn,O,181318,2022,Japan
540,12.0,Tuinstra Bennie Junior,OH,170436,2022,Japan
541,13.0,Bleeker Mats,L,184896,2022,Japan
542,14.0,Abdel-Aziz Nimir,O,137498,2022,Japan
543,15.0,van Solkema Gijs,S,164837,2022,Japan
544,17.0,Parkinson Michael,MB,137337,2022,Japan
545,18.0,Andringa Robbert,L,121992,2022,Japan
546,19.0,de Weijer Freek,S,162642,2022,Japan
547,20.0,Bak Yannick,OH,181317,2022,Japan
548,21.0,Berkhout Joris,S,153711,2022,Japan
549,22.0,Wiltenburg Twan,MB,150703,2022,Japan
550,23.0,Boekhoudt Robin,MB,184361,2022,Japan
551,24.0,Hofman Ricardo,O,157237,2022,Japan
552,25.0,Korenblek Siebe,MB,188782,2022,Japan
553,26.0,Meijs Silvester,S,188784,2022,Japan
554,,Roberto Piazza,COACH,N/A,2022,Japan
555,1.0,Lipinski Bartlomiej,OH,153394,2022,Netherlands
556,2.0,Muzaj Maciej,O,156531,2022,Netherlands
557,3.0,Popiwczak Jakub,L,153388,2022,Netherlands
558,4.0,Kozub Lukasz,S,152872,2022,Netherlands
559,5.0,Kaczmarek Lukasz,O,162105,2022,Netherlands
560,6.0,Kurek Bartosz,O,115806,2022,Netherlands
561,7.0,Klos Karol,MB,118618,2022,Netherlands
562,9.0,Leon Venero Wilfredo,OH,119646,2022,Netherlands
563,10.0,Bednorz Bartosz,OH,150742,2022,Netherlands
564,12.0,Lomacz Grzegorz,S,115794,2022,Netherlands
565,13.0,Szymura Rafal,OH,142678,2022,Netherlands
566,14.0,Sliwka Aleksander,OH,142679,2022,Netherlands
567,15.0,Kochanowski Jakub,MB,152870,2022,Netherlands
568,16.0,Semeniuk Kamil,OH,153395,2022,Netherlands
569,17.0,Zatorski Pawel,L,118614,2022,Netherlands
570,18.0,Kwolek Bartosz,OH,152873,2022,Netherlands
571,19.0,Janusz Marcin,S,165942,2022,Netherlands
572,20.0,Bieniek Mateusz,MB,150734,2022,Netherlands
573,21.0,Fornal Tomasz,OH,152866,2022,Netherlands
574,22.0,Urbanowicz Karol,MB,183851,2022,Netherlands
575,23.0,Butryn Karol,O,181100,2022,Netherlands
576,24.0,Szymura Kamil,L,164127,2022,Netherlands
577,72.0,Poreba Mateusz,MB,164124,2022,Netherlands
578,96.0,Firlej Jan,S,153387,2022,Netherlands
579,99.0,Huber Norbert,MB,152869,2022,Netherlands
580,,Nikola GRBIĆ,COACH,N/A,2022,Netherlands
581,1.0,Nikolic Uros,OH,181313,2022,Serbia
582,4.0,Petric Nemanja,OH,120250,2022,Serbia
583,5.0,Katic Milan,OH,132458,2022,Serbia
584,6.0,Pekovic Nikola,L,150383,2022,Serbia
585,7.0,Krsmanovic Petar,MB,146579,2022,Serbia
586,8.0,Ivovic Marko,OH,132022,2022,Serbia
587,9.0,Jovovic Nikola,S,124911,2022,Serbia
588,10.0,Kujundžić Miran,OH,162122,2022,Serbia
589,12.0,Peric Pavle,OH,173251,2022,Serbia
590,14.0,Atanasijevic Aleksandar,O,124915,2022,Serbia
591,15.0,Masulovic Nemanja,MB,150382,2022,Serbia
592,18.0,Podrascanin Marko,MB,116525,2022,Serbia
593,20.0,Lisinac Srecko,MB,136362,2022,Serbia
594,21.0,Todorovic Vuk,S,173250,2022,Serbia
595,22.0,Vilimanovic Andrija,S,168275,2022,Serbia
596,23.0,Vucicevic Bozidar,O,168276,2022,Serbia
597,25.0,Tadic Luka,OH,173252,2022,Serbia
598,28.0,Marinovic Lazar,OH,189274,2022,Serbia
599,29.0,Nedeljkovic Aleksandar,MB,164985,2022,Serbia
600,30.0,Koprivica Lazar,L,124920,2022,Serbia
601,32.0,Meljanac Nikola,O,189272,2022,Serbia
602,33.0,Petkovic Dusan,O,124912,2022,Serbia
603,35.0,Rudic Andrej,MB,189276,2022,Serbia
604,39.0,Vulikic Andrija,S,166724,2022,Serbia
605,40.0,Milovic Miljan,L,189278,2022,Serbia
606,,Igor KOLAKOVIĆ,COACH,N/A,2022,Serbia
607,1.0,Štern Tonček,O,151390,2022,Slovenia
608,2.0,Pajenk Alen,MB,114962,2022,Slovenia
609,3.0,Planinšič Uroš,S,168715,2022,Slovenia
610,4.0,Kozamernik Jan,MB,151391,2022,Slovenia
611,5.0,Šket Alen,O,119022,2022,Slovenia
612,6.0,Gasparini Mitja,O,114952,2022,Slovenia
613,7.0,Košenina Alan,L,153301,2022,Slovenia
614,8.0,Bošnjak Crtomir,OH,154046,2022,Slovenia
615,9.0,Vincic Dejan,S,114956,2022,Slovenia
616,10.0,Štalekar Sašo,MB,151404,2022,Slovenia
617,11.0,Koncilja Danijel,MB,144483,2022,Slovenia
618,12.0,Klobucar Jan,L,154546,2022,Slovenia
619,13.0,Kovačič Jani,L,144415,2022,Slovenia
620,14.0,Štern Žiga,OH,155920,2022,Slovenia
621,15.0,Videčnik Matic,MB,161754,2022,Slovenia
622,16.0,Ropret Gregor,S,119018,2022,Slovenia
623,17.0,Urnaut Tine,OH,114957,2022,Slovenia
624,18.0,Čebulj Klemen,OH,136918,2022,Slovenia
625,19.0,Možič Rok,OH,168747,2022,Slovenia
626,20.0,Mujanovič Nik,O,182325,2022,Slovenia
627,21.0,Pernuš Gregor,S,181130,2022,Slovenia
628,22.0,Kržić Janez Janž,MB,185708,2022,Slovenia
629,23.0,Okroglic Jure,OH,151399,2022,Slovenia
630,,MARK LEBEDEW,COACH,N/A,2022,Slovenia
631,2.0,Russell Aaron,OH,132624,2022,USA
632,3.0,Shaw James,S,136078,2022,USA
633,4.0,Jendryk II Jeffrey,MB,147721,2022,USA
634,5.0,Ensing Kyle,O,147417,2022,USA
635,6.0,Stahl Mitchell,MB,140185,2022,USA
636,7.0,Pasteur Jacob,OH,183140,2022,USA
637,8.0,Defalco Torey,OH,139254,2022,USA
638,9.0,Hanes Jake,O,170104,2022,USA
639,10.0,Dagostino Kyle,L,142445,2022,USA
640,11.0,Christenson Micah,S,124879,2022,USA
641,13.0,Gasman Patrick,MB,147542,2022,USA
642,14.0,Isaacson Quinn,S,189158,2022,USA
643,15.0,Russell Kyle,O,136077,2022,USA
644,16.0,Tuaniga Joshua,S,147543,2022,USA
645,17.0,Jaeschke Thomas,OH,143682,2022,USA
646,18.0,Muagututia Garrett,OH,133463,2022,USA
647,20.0,Smith David,MB,116069,2022,USA
648,21.0,Briggs Mason,L,168461,2022,USA
649,22.0,Shoji Erik,L,119732,2022,USA
650,23.0,Kessel Cody,OH,153472,2022,USA
651,24.0,Wildman Brett,OH,164133,2022,USA
652,25.0,Rottman William,OH,182750,2022,USA
653,26.0,McHenry Merrick,MB,169728,2022,USA
654,27.0,Mitchem Tyler,MB,162551,2022,USA
655,31.0,Olivier Spencer,OH,156751,2022,USA
656,,John Speraw,COACH,N/A,2022,USA
657,1.0,Sanchez Matias,S,142412,2023,Argentina
658,3.0,Martinez Franchi Jan,U,142410,2023,Argentina
659,4.0,Gallego Joaquin,MB,142411,2023,Argentina
660,7.0,Palonsky Luciano,OH,162546,2023,Argentina
661,8.0,Loser Agustin,MB,152692,2023,Argentina
662,9.0,Danani Santiago,L,153053,2023,Argentina
663,10.0,Zelayeta Mauro,OH,160816,2023,Argentina
664,11.0,Armoa Manuel,OH,174853,2023,Argentina
665,12.0,Lima Bruno,O,142415,2023,Argentina
666,15.0,De Cecco Luciano,S,117457,2023,Argentina
667,16.0,Koukartsev Pablo Sergio,O,141282,2023,Argentina
668,17.0,Vicentin Luciano,OH,163555,2023,Argentina
669,18.0,Ramos Martin,MB,125047,2023,Argentina
670,22.0,Zerba Nicolas,MB,162543,2023,Argentina
671,,Marcelo Rodolfo Mendez,COACH,N/A,2023,Argentina
672,1.0,Rezende Bruno Mossa,S,116099,2023,Brazil
673,4.0,Rodrigues Pinto Otávio Henrique,MB,125010,2023,Brazil
674,6.0,Fernandes P.X.Cavalcante Adriano,OH,174908,2023,Brazil
675,8.0,Honorato Henrique Dantas Nóbrega,OH,161930,2023,Brazil
676,9.0,Leal Hidalgo Yoandy,OH,118928,2023,Brazil
677,14.0,Gil Kreling Fernando,S,142744,2023,Brazil
678,15.0,Nascimento Maique Reis,L,161939,2023,Brazil
679,16.0,Saatkamp Lucas,MB,116081,2023,Brazil
680,17.0,Hoss Thales,L,118916,2023,Brazil
681,18.0,Souza Ricardo Lucarelli,OH,136468,2023,Brazil
682,19.0,Moreira Roque Felipe,O,161921,2023,Brazil
683,21.0,Souza Alan,O,136947,2023,Brazil
684,23.0,Resende Gualberto Flavio,MB,136956,2023,Brazil
685,30.0,Nunes da Cunha Jr Judson Amabel,MB,187493,2023,Brazil
686,,Renan Dal Zotto,COACH,N/A,2023,Brazil
687,3.0,Kolev Nikolay,MB,173067,2023,Bulgaria
688,4.0,Atanasov Martin,OH,156676,2023,Bulgaria
689,5.0,Gotsev Svetoslav,MB,132035,2023,Bulgaria
690,8.0,Asparuhov Asparuh,OH,168269,2023,Bulgaria
691,9.0,Seganov Georgi,S,137012,2023,Bulgaria
692,10.0,Karyagin Denis,OH,174445,2023,Bulgaria
693,11.0,Grozdanov Aleks,MB,152619,2023,Bulgaria
694,12.0,Dimitrov Dimitar,O,180587,2023,Bulgaria
695,13.0,Salparov Teodor,L,113691,2023,Bulgaria
696,14.0,Bozhilov Martin,L,135372,2023,Bulgaria
697,15.0,Raev Delcho,S,124986,2023,Bulgaria
698,17.0,Penchev Nikolay,OH,132033,2023,Bulgaria
699,20.0,Bratoev Valentin,OH,118486,2023,Bulgaria
700,24.0,Petkov Iliya,MB,168268,2023,Bulgaria
701,,Plamen Konstantinov,COACH,N/A,2023,Bulgaria
702,1.0,Eshenko Pearson,MB,157324,2023,Canada
703,2.0,Herr Luke,S,165212,2023,Canada
704,4.0,Hoag Nicholas,OH,136291,2023,Canada
705,5.0,Hofer Brodie,OH,168914,2023,Canada
706,6.0,Demyanenko Danny,MB,140042,2023,Canada
707,7.0,Maar Stephen Timothy,OH,140061,2023,Canada
708,8.0,Walsh Brett James,S,143745,2023,Canada
709,10.0,Sclater Ryan Joseph,O,140428,2023,Canada
710,12.0,Van Berkel Lucas,MB,136296,2023,Canada
711,13.0,Cooper Samuel,OH,182679,2023,Canada
712,14.0,Szwarc Arthur,O,151871,2023,Canada
713,18.0,Lui Justin,L,168925,2023,Canada
714,97.0,Currie Landon,L,168923,2023,Canada
715,99.0,Elser Mathias,OH,168908,2023,Canada
716,,Tuomas Sammelvuo,COACH,N/A,2023,Canada
717,1.0,Wang Dongchen,MB,173184,2023,China
718,2.0,Jiang Chuan,O,142855,2023,China
719,3.0,Wang Hebin,S,174297,2023,China
720,5.0,Yang Yiming,L,174295,2023,China
721,6.0,Yu Yuantai,OH,152518,2023,China
722,8.0,Guo Cheng,S,164632,2023,China
723,9.0,Li Yongzhen,MB,181103,2023,China
724,14.0,Zhai Dejun,OH,174159,2023,China
725,15.0,Peng Shikun,MB,168175,2023,China
726,16.0,Qu Zongshuai,L,174158,2023,China
727,18.0,Chen Leiyang,S,152511,2023,China
728,20.0,Rao Shuhan,MB,142598,2023,China
729,22.0,Zhang Jingyin,OH,168271,2023,China
730,23.0,Wang Bin,OH,169310,2023,China
731,,Sheng Wu,COACH,N/A,2023,China
732,1.0,Masso Alvarez Jose Israel,MB,147273,2023,Cuba
733,2.0,Mergarejo Hernandez Osniel Lazaro,OH,151814,2023,Cuba
734,5.0,Concepcion Rojas Javier Octavio,MB,147263,2023,Cuba
735,6.0,Thondike Mejias Christian Manuel,S,168412,2023,Cuba
736,7.0,Garcia Alvarez Yonder Roman,L,132361,2023,Cuba
737,10.0,Gutierrez Suarez Miguel David,O,147268,2023,Cuba
738,11.0,Taboada Diaz Lyvan,S,157477,2023,Cuba
739,12.0,Herrera Jaime Jesus,O,169940,2023,Cuba
740,14.0,Goide Arredondo Adrian Eduardo,S,147272,2023,Cuba
741,18.0,Lopez Castro Miguel Angel,OH,151817,2023,Cuba
742,19.0,Pedroso Garriga Endriel Alberto,MB,182877,2023,Cuba
743,22.0,Gutierrez Suarez Jose Miguel,OH,168417,2023,Cuba
744,23.0,Yant Herrera Marlon,OH,157318,2023,Cuba
745,24.0,Gorguet Salas Alain,OH,190322,2023,Cuba
746,,Nicolas Ernesto Vives Coffigny,COACH,N/A,2023,Cuba
747,1.0,Chinenyeze Barthélémy,MB,152494,2023,France
748,2.0,Grebennikov Jenia,L,119792,2023,France
749,4.0,Patry Jean,O,142694,2023,France
750,6.0,Toniutti Benjamin,S,119804,2023,France
751,7.0,Tillie Kevin,OH,124518,2023,France
752,11.0,Brizard Antoine,S,136851,2023,France
753,12.0,Boyer Stephen,O,142710,2023,France
754,14.0,Le Goff Nicolas,MB,125073,2023,France
755,16.0,Bultor Daryl,MB,142677,2023,France
756,17.0,Clevenot Trevor,OH,132948,2023,France
757,19.0,Louati Yacine,OH,120735,2023,France
758,20.0,Diez Benjamin,L,152506,2023,France
759,23.0,Carle Timothée,OH,142686,2023,France
760,25.0,Jouffroy Quentin,MB,136856,2023,France
761,,Andrea Giani,COACH,N/A,2023,France
762,1.0,Fromm Christian,OH,119779,2023,Germany
763,2.0,Tille Johannes,S,152469,2023,Germany
764,3.0,Kaliberda Denys,OH,119775,2023,Germany
765,5.0,Reichert Moritz,OH,139386,2023,Germany
766,6.0,Graven Leonard,L,182291,2023,Germany
767,11.0,Kampa Lukas,S,116575,2023,Germany
768,12.0,Brehme Anton,MB,162081,2023,Germany
769,13.0,Schott Ruben,OH,136441,2023,Germany
770,18.0,Krage Florian,MB,162790,2023,Germany
771,20.0,Weber Linus,O,162082,2023,Germany
772,21.0,Krick Tobias,MB,152349,2023,Germany
773,22.0,Brand Tobias,OH,163592,2023,Germany
774,25.0,Maase Lukas,MB,152352,2023,Germany
775,31.0,Böhme Yan,O,184322,2023,Germany
776,,Michał Winiarski,COACH,N/A,2023,Germany
777,1.0,Jelveh Ghaziani Mahdi,MB,163173,2023,Iran
778,6.0,Mousavi Eraghi Seyed Mohammad,MB,118827,2023,Iran
779,8.0,Hazratpourtalatappeh Mohammadreza,L,163176,2023,Iran
780,9.0,Moazzen Mohammadreza,L,153535,2023,Iran
781,12.0,Esfandiar Amirhossein,OH,152752,2023,Iran
782,13.0,Ramezani Ali,S,152753,2023,Iran
783,19.0,Hossein Khanzadeh Firouzjah Poriya,OH,182470,2023,Iran
784,20.0,Homayonfarmanesh Shahrooz,OH,123413,2023,Iran
785,22.0,Afshin Far Armin,OH,189602,2023,Iran
786,23.0,Saadat Bardia,O,168551,2023,Iran
787,24.0,Karimisouchelmaei Javad,S,152755,2023,Iran
788,27.0,Valizadeh Mohammad,MB,174373,2023,Iran
789,49.0,Sharifi Morteza,OH,152742,2023,Iran
790,77.0,Daneshdoust Ehsan,OH,163174,2023,Iran
791,,Behrouz Ataei Nouri,COACH,N/A,2023,Iran
792,5.0,Michieletto Alessandro,OH,171191,2023,Italy
793,6.0,Giannelli Simone,S,144005,2023,Italy
794,7.0,Balaso Fabio,L,150436,2023,Italy
795,8.0,Sbertoli Riccardo,S,152370,2023,Italy
796,10.0,Scanferla Leonardo,L,181128,2023,Italy
797,12.0,Bottolo Mattia,OH,163447,2023,Italy
798,14.0,Galassi Gianluca,MB,152408,2023,Italy
799,15.0,Lavia Daniele,OH,153200,2023,Italy
800,16.0,Romanò Yuri,O,162520,2023,Italy
801,18.0,Gironi Fabrizio,OH,163032,2023,Italy
802,19.0,Russo Roberto,MB,152405,2023,Italy
803,20.0,Rinaldi Tommaso,OH,172962,2023,Italy
804,28.0,Sanguinetti Giovanni,MB,174076,2023,Italy
805,30.0,Mosca Leandro Ausibio,MB,174074,2023,Italy
806,,Ferdinando De Giorgi,COACH,N/A,2023,Italy
807,2.0,Onodera Taishi,MB,142565,2023,Japan
808,4.0,Miyaura Kento,O,163038,2023,Japan
809,5.0,Otsuka Tatsunori,OH,163516,2023,Japan
810,6.0,Yamauchi Akihiro,MB,146409,2023,Japan
811,8.0,Sekita Masahiro,S,133009,2023,Japan
812,10.0,Takahashi Kentaro,MB,142561,2023,Japan
813,11.0,Tomita Shoma,OH,178761,2023,Japan
814,12.0,Takahashi Ran,OH,178762,2023,Japan
815,13.0,Ogawa Tomohiro,L,180990,2023,Japan
816,14.0,Ishikawa Yuki,OH,142568,2023,Japan
817,18.0,Nishiyama Hiroto,O,192453,2023,Japan
818,20.0,Yamamoto Tomohiro,L,172893,2023,Japan
819,21.0,Eiro Motoki,S,142562,2023,Japan
820,28.0,Evbade-Dan Larry Ik,MB,189039,2023,Japan
821,,Philippe Blain,COACH,N/A,2023,Japan
822,1.0,Korenblek Siebe,MB,188782,2023,Netherlands
823,2.0,Keemink Wessel,S,141546,2023,Netherlands
824,3.0,Van Garderen Maarten,OH,139929,2023,Netherlands
825,4.0,Ter Horst Thijs,OH,137345,2023,Netherlands
826,5.0,van Der Ent Cornelis Luuc,MB,169921,2023,Netherlands
827,6.0,Meijs Silvester,S,188784,2023,Netherlands
828,7.0,Jorna Gijs,OH,131980,2023,Netherlands
829,8.0,Plak Fabian,MB,156678,2023,Netherlands
830,12.0,Tuinstra Bennie Junior,OH,170436,2023,Netherlands
831,14.0,Abdel-Aziz Nimir,O,137498,2023,Netherlands
832,16.0,Ter Maat Wouter,O,154521,2023,Netherlands
833,18.0,Andringa Robbert,L,121992,2023,Netherlands
834,22.0,Wiltenburg Twan,MB,150703,2023,Netherlands
835,30.0,Lipke Niels,L,188785,2023,Netherlands
836,,Roberto Piazza,COACH,N/A,2023,Netherlands
837,3.0,Popiwczak Jakub,L,153388,2023,Poland
838,5.0,Kaczmarek Lukasz,O,162105,2023,Poland
839,6.0,Kurek Bartosz,O,115806,2023,Poland
840,9.0,Leon Venero Wilfredo,OH,119646,2023,Poland
841,10.0,Bednorz Bartosz,OH,150742,2023,Poland
842,11.0,Sliwka Aleksander,OH,142679,2023,Poland
843,12.0,Lomacz Grzegorz,S,115794,2023,Poland
844,15.0,Kochanowski Jakub,MB,152870,2023,Poland
845,16.0,Semeniuk Kamil,OH,153395,2023,Poland
846,17.0,Zatorski Pawel,L,118614,2023,Poland
847,19.0,Janusz Marcin,S,165942,2023,Poland
848,20.0,Bieniek Mateusz,MB,150734,2023,Poland
849,21.0,Fornal Tomasz,OH,152866,2023,Poland
850,99.0,Huber Norbert,MB,152869,2023,Poland
851,,Nikola Grbić,COACH,N/A,2023,Poland
852,2.0,Kovacevic Uros,OH,124926,2023,Serbia
853,3.0,Kapur Milorad,L,136360,2023,Serbia
854,4.0,Mašulović Veljko,OH,192041,2023,Serbia
855,7.0,Krsmanovic Petar,MB,146579,2023,Serbia
856,8.0,Ivovic Marko,OH,132022,2023,Serbia
857,10.0,Kujundžić Miran,OH,162122,2023,Serbia
858,11.0,Batak Aleksa,S,173249,2023,Serbia
859,12.0,Peric Pavle,OH,173251,2023,Serbia
860,15.0,Masulovic Nemanja,MB,150382,2023,Serbia
861,16.0,Luburic Drazen,O,143794,2023,Serbia
862,18.0,Podrascanin Marko,MB,116525,2023,Serbia
863,21.0,Todorovic Vuk,S,173250,2023,Serbia
864,23.0,Vucicevic Bozidar,O,168276,2023,Serbia
865,29.0,Nedeljkovic Aleksandar,MB,164985,2023,Serbia
866,,Igor Kolaković,COACH,N/A,2023,Serbia
867,2.0,Pajenk Alen,MB,114962,2023,Slovenia
868,3.0,Planinšič Uroš,S,168715,2023,Slovenia
869,4.0,Kozamernik Jan,MB,151391,2023,Slovenia
870,5.0,Kök Matej,OH,151405,2023,Slovenia
871,6.0,Toman Urban,L,161756,2023,Slovenia
872,10.0,Štalekar Sašo,MB,151404,2023,Slovenia
873,11.0,Koncilja Danijel,MB,144483,2023,Slovenia
874,13.0,Kovačič Jani,L,144415,2023,Slovenia
875,14.0,Štern Žiga,OH,155920,2023,Slovenia
876,16.0,Ropret Gregor,S,119018,2023,Slovenia
877,17.0,Urnaut Tine,OH,114957,2023,Slovenia
878,18.0,Čebulj Klemen,OH,136918,2023,Slovenia
879,19.0,Možič Rok,OH,168747,2023,Slovenia
880,20.0,Mujanovič Nik,O,182325,2023,Slovenia
881,,Gheorghe Cretu,COACH,N/A,2023,Slovenia
882,1.0,Anderson Matthew,O,118893,2023,USA
883,2.0,Russell Aaron,OH,132624,2023,USA
884,4.0,Jendryk II Jeffrey,MB,147721,2023,USA
885,8.0,Defalco Torey,OH,139254,2023,USA
886,9.0,Hanes Jake,O,170104,2023,USA
887,10.0,Dagostino Kyle,L,142445,2023,USA
888,11.0,Christenson Micah,S,124879,2023,USA
889,12.0,Holt Maxwell,MB,118901,2023,USA
890,14.0,Ma'a Micah,S,147421,2023,USA
891,17.0,Jaeschke Thomas,OH,143682,2023,USA
892,18.0,Muagututia Garrett,OH,133463,2023,USA
893,19.0,Averill Taylor,MB,148120,2023,USA
894,20.0,Smith David,MB,116069,2023,USA
895,22.0,Shoji Erik,L,119732,2023,USA
896,,John Speraw,COACH,N/A,2023,USA
