No.,Player Name,Position,Player_ID,Year,Country_ID,Nationality,Age,Height,Total Points,Average by Match,Attack Points,Efficiency,Attack Avg Points,Block Points,Block Success,Block Avg Points,Serve Points,Serve Success,Serve Avg Points
1.0,Sanchez Matias,S,142412,2021,5818,Argentina,25.0,175cm,4,0.57,2,100%,0.29,0,0.00%,0.00,2,6.90%,0.29
3.0,Martinez Franchi Jan,U,142410,2021,5818,Argentina,24.0,190cm,53,4.42,51,42.15%,4.25,2,13.33%,0.17,0,0.00%,0.00
4.0,Gallego Joaquin,MB,142411,2021,5818,Argentina,25.0,204cm,-,-,-,-,-,-,-,-,-,-,-
7.0,Palonsky Luciano,OH,162546,2021,5818,Argentina,22.0,198cm,15,1.25,14,36.84%,1.17,1,33.33%,0.08,0,0.00%,0.00
8.0,Loser Agustin,MB,152692,2021,5818,Argentina,24.0,198cm,111,9.25,86,68.25%,7.17,16,16.84%,1.33,9,5.88%,0.75
9.0,Danani Santiago,L,153053,2021,5818,Argentina,26.0,176cm,0,0.00,0,-,-,0,-,-,0,-,-
10.0,Zelayeta Mauro,OH,160816,2021,5818,Argentina,22.0,190cm,-,-,-,-,-,-,-,-,-,-,-
11.0,Armoa Manuel,OH,174853,2021,5818,Argentina,19.0,195cm,-,-,-,-,-,-,-,-,-,-,-
12.0,Lima Bruno,O,142415,2021,5818,Argentina,26.0,198cm,81,11.57,76,54.29%,10.86,2,5.71%,0.29,3,4.41%,0.43
15.0,De Cecco Luciano,S,117457,2021,5818,Argentina,33.0,191cm,18,1.20,8,34.78%,0.53,6,17.65%,0.40,4,2.74%,0.27
16.0,Koukartsev Pablo Sergio,O,141282,2021,5818,Argentina,28.0,203cm,-,-,-,-,-,-,-,-,-,-,-
17.0,Vicentin Luciano,OH,163555,2021,5818,Argentina,21.0,197cm,-,-,-,-,-,-,-,-,-,-,-
18.0,Ramos Martin,MB,125047,2021,5818,Argentina,30.0,197cm,72,4.80,50,60.24%,3.33,18,23.38%,1.20,4,3.64%,0.27
22.0,Zerba Nicolas,MB,162543,2021,5818,Argentina,22.0,203cm,-,-,-,-,-,-,-,-,-,-,-
,Marcelo Rodolfo Mendez,COACH,N/A,2021,5818,,,,,,,,,,,,,,
1.0,Rezende Bruno Mossa,S,116099,2021,5819,Brazil,35.0,190cm,21,1.24,9,64.29%,0.53,7,11.67%,0.41,5,3.38%,0.29
4.0,Rodrigues Pinto Otávio Henrique,MB,125010,2021,5819,Brazil,31.0,200cm,-,-,-,-,-,-,-,-,-,-,-
6.0,Fernandes P.X.Cavalcante Adriano,OH,174908,2021,5819,Brazil,20.0,201cm,-,-,-,-,-,-,-,-,-,-,-
8.0,Honorato Henrique Dantas Nóbrega,OH,161930,2021,5819,Brazil,25.0,190cm,-,-,-,-,-,-,-,-,-,-,-
9.0,Leal Hidalgo Yoandy,OH,118928,2021,5819,Brazil,33.0,202cm,162,10.80,139,51.10%,9.27,11,22.00%,0.73,12,8.11%,0.80
14.0,Gil Kreling Fernando,S,142744,2021,5819,Brazil,26.0,186cm,8,0.47,3,50.00%,0.18,2,11.76%,0.12,3,5.00%,0.18
15.0,Nascimento Maique Reis,L,161939,2021,5819,Brazil,24.0,187cm,0,0.00,0,-,-,0,-,-,0,-,-
16.0,Saatkamp Lucas,MB,116081,2021,5819,Brazil,36.0,209cm,24,4.80,19,46.34%,3.80,3,10.00%,0.60,2,3.85%,0.40
17.0,Hoss Thales,L,118916,2021,5819,Brazil,32.0,190cm,0,0.00,0,-,-,0,-,-,0,-,-
18.0,Souza Ricardo Lucarelli,OH,136468,2021,5819,Brazil,30.0,196cm,160,10.67,131,52.82%,8.73,12,21.05%,0.80,17,9.55%,1.13
19.0,Moreira Roque Felipe,O,161921,2021,5819,Brazil,24.0,212cm,0,0.00,0,0.00%,0.00,0,0.00%,0.00,0,0.00%,0.00
21.0,Souza Alan,O,136947,2021,5819,Brazil,28.0,202cm,96,6.00,85,55.92%,5.31,8,21.05%,0.50,3,3.90%,0.19
23.0,Resende Gualberto Flavio,MB,136956,2021,5819,Brazil,28.0,199cm,59,3.47,45,49.45%,2.65,10,12.35%,0.59,4,2.99%,0.24
30.0,Nunes da Cunha Jr Judson Amabel,MB,187493,2021,5819,Brazil,23.0,204cm,-,-,-,-,-,-,-,-,-,-,-
,Renan Dal Zotto,COACH,N/A,2021,5819,,,,,,,,,,,,,,
3.0,Kolev Nikolay,MB,173067,2021,5820,Bulgaria,24.0,204cm,59,3.93,47,58.02%,3.13,10,12.05%,0.67,2,2.00%,0.13
4.0,Atanasov Martin,OH,156676,2021,5820,Bulgaria,25.0,197cm,64,4.27,45,35.16%,3.00,6,28.57%,0.40,13,15.85%,0.87
5.0,Gotsev Svetoslav,MB,132035,2021,5820,Bulgaria,31.0,205cm,-,-,-,-,-,-,-,-,-,-,-
8.0,Asparuhov Asparuh,OH,168269,2021,5820,Bulgaria,21.0,201cm,125,8.33,106,47.53%,7.07,8,14.81%,0.53,11,8.53%,0.73
9.0,Seganov Georgi,S,137012,2021,5820,Bulgaria,28.0,197cm,29,1.93,11,61.11%,0.73,10,23.26%,0.67,8,5.88%,0.53
10.0,Karyagin Denis,OH,174445,2021,5820,Bulgaria,19.0,206cm,63,4.20,57,40.14%,3.80,2,10.00%,0.13,4,5.56%,0.27
11.0,Grozdanov Aleks,MB,152619,2021,5820,Bulgaria,23.0,208cm,23,7.67,11,47.83%,3.67,7,20.59%,2.33,5,13.89%,1.67
12.0,Dimitrov Dimitar,O,180587,2021,5820,Bulgaria,21.0,208cm,-,-,-,-,-,-,-,-,-,-,-
13.0,Salparov Teodor,L,113691,2021,5820,Bulgaria,39.0,187cm,-,-,-,-,-,-,-,-,-,-,-
14.0,Bozhilov Martin,L,135372,2021,5820,Bulgaria,33.0,190cm,-,-,-,-,-,-,-,-,-,-,-
15.0,Raev Delcho,S,124986,2021,5820,Bulgaria,31.0,185cm,-,-,-,-,-,-,-,-,-,-,-
17.0,Penchev Nikolay,OH,132033,2021,5820,Bulgaria,29.0,197cm,-,-,-,-,-,-,-,-,-,-,-
20.0,Bratoev Valentin,OH,118486,2021,5820,Bulgaria,34.0,203cm,-,-,-,-,-,-,-,-,-,-,-
24.0,Petkov Iliya,MB,168268,2021,5820,Bulgaria,25.0,200cm,-,-,-,-,-,-,-,-,-,-,-
,Plamen Konstantinov,COACH,N/A,2021,5820,,,,,,,,,,,,,,
1.0,Eshenko Pearson,MB,157324,2021,5821,Canada,24.0,204cm,-,-,-,-,-,-,-,-,-,-,-
2.0,Herr Luke,S,165212,2021,5821,Canada,27.0,192cm,-,-,-,-,-,-,-,-,-,-,-
4.0,Hoag Nicholas,OH,136291,2021,5821,Canada,29.0,200cm,121,8.07,95,42.99%,6.33,9,21.43%,0.60,17,11.56%,1.13
5.0,Hofer Brodie,OH,168914,2021,5821,Canada,21.0,200cm,-,-,-,-,-,-,-,-,-,-,-
6.0,Demyanenko Danny,MB,140042,2021,5821,Canada,27.0,196cm,1,0.12,1,33.33%,0.12,0,0.00%,0.00,0,0.00%,0.00
7.0,Maar Stephen Timothy,OH,140061,2021,5821,Canada,27.0,201cm,49,4.90,40,41.24%,4.00,7,35.00%,0.70,2,5.26%,0.20
8.0,Walsh Brett James,S,143745,2021,5821,Canada,28.0,196cm,4,0.40,1,16.67%,0.10,3,25.00%,0.30,0,0.00%,0.00
10.0,Sclater Ryan Joseph,O,140428,2021,5821,Canada,28.0,200cm,97,6.47,85,46.96%,5.67,6,9.68%,0.40,6,6.19%,0.40
12.0,Van Berkel Lucas,MB,136296,2021,5821,Canada,30.0,210cm,59,4.21,38,60.32%,2.71,20,24.39%,1.43,1,0.99%,0.07
13.0,Cooper Samuel,OH,182679,2021,5821,Canada,20.0,200cm,-,-,-,-,-,-,-,-,-,-,-
14.0,Szwarc Arthur,O,151871,2021,5821,Canada,26.0,209cm,77,5.13,47,56.63%,3.13,20,23.26%,1.33,10,8.62%,0.67
18.0,Lui Justin,L,168925,2021,5821,Canada,21.0,178cm,-,-,-,-,-,-,-,-,-,-,-
97.0,Currie Landon,L,168923,2021,5821,Canada,22.0,174cm,-,-,-,-,-,-,-,-,-,-,-
99.0,Elser Mathias,OH,168908,2021,5821,Canada,20.0,198cm,-,-,-,-,-,-,-,-,-,-,-
,Tuomas Sammelvuo,COACH,N/A,2021,5821,,,,,,,,,,,,,,
1.0,Wang Dongchen,MB,173184,2021,5822,China,21.0,200cm,-,-,-,-,-,-,-,-,-,-,-
2.0,Jiang Chuan,O,142855,2021,5822,China,27.0,205cm,-,-,-,-,-,-,-,-,-,-,-
3.0,Wang Hebin,S,174297,2021,5822,China,22.0,188cm,-,-,-,-,-,-,-,-,-,-,-
5.0,Yang Yiming,L,174295,2021,5822,China,22.0,186cm,-,-,-,-,-,-,-,-,-,-,-
6.0,Yu Yuantai,OH,152518,2021,5822,China,24.0,186cm,-,-,-,-,-,-,-,-,-,-,-
8.0,Guo Cheng,S,164632,2021,5822,China,26.0,200cm,-,-,-,-,-,-,-,-,-,-,-
9.0,Li Yongzhen,MB,181103,2021,5822,China,23.0,198cm,-,-,-,-,-,-,-,-,-,-,-
14.0,Zhai Dejun,OH,174159,2021,5822,China,22.0,195cm,-,-,-,-,-,-,-,-,-,-,-
15.0,Peng Shikun,MB,168175,2021,5822,China,21.0,208cm,-,-,-,-,-,-,-,-,-,-,-
16.0,Qu Zongshuai,L,174158,2021,5822,China,23.0,186cm,-,-,-,-,-,-,-,-,-,-,-
18.0,Chen Leiyang,S,152511,2021,5822,China,23.0,198cm,-,-,-,-,-,-,-,-,-,-,-
20.0,Rao Shuhan,MB,142598,2021,5822,China,25.0,205cm,-,-,-,-,-,-,-,-,-,-,-
22.0,Zhang Jingyin,OH,168271,2021,5822,China,22.0,207cm,-,-,-,-,-,-,-,-,-,-,-
23.0,Wang Bin,OH,169310,2021,5822,China,20.0,195cm,-,-,-,-,-,-,-,-,-,-,-
,Sheng Wu,COACH,N/A,2021,5822,,,,,,,,,,,,,,
1.0,Masso Alvarez Jose Israel,MB,147273,2021,5823,Cuba,24.0,2cm,-,-,-,-,-,-,-,-,-,-,-
2.0,Mergarejo Hernandez Osniel Lazaro,OH,151814,2021,5823,Cuba,24.0,195cm,-,-,-,-,-,-,-,-,-,-,-
5.0,Concepcion Rojas Javier Octavio,MB,147263,2021,5823,Cuba,24.0,200cm,-,-,-,-,-,-,-,-,-,-,-
6.0,Thondike Mejias Christian Manuel,S,168412,2021,5823,Cuba,20.0,195cm,-,-,-,-,-,-,-,-,-,-,-
7.0,Garcia Alvarez Yonder Roman,L,132361,2021,5823,Cuba,29.0,183cm,-,-,-,-,-,-,-,-,-,-,-
10.0,Gutierrez Suarez Miguel David,O,147268,2021,5823,Cuba,25.0,197cm,-,-,-,-,-,-,-,-,-,-,-
11.0,Taboada Diaz Lyvan,S,157477,2021,5823,Cuba,23.0,191cm,-,-,-,-,-,-,-,-,-,-,-
12.0,Herrera Jaime Jesus,O,169940,2021,5823,Cuba,26.0,194cm,-,-,-,-,-,-,-,-,-,-,-
14.0,Goide Arredondo Adrian Eduardo,S,147272,2021,5823,Cuba,23.0,191cm,-,-,-,-,-,-,-,-,-,-,-
18.0,Lopez Castro Miguel Angel,OH,151817,2021,5823,Cuba,24.0,189cm,-,-,-,-,-,-,-,-,-,-,-
19.0,Pedroso Garriga Endriel Alberto,MB,182877,2021,5823,Cuba,19.0,212cm,-,-,-,-,-,-,-,-,-,-,-
22.0,Gutierrez Suarez Jose Miguel,OH,168417,2021,5823,Cuba,20.0,192cm,-,-,-,-,-,-,-,-,-,-,-
23.0,Yant Herrera Marlon,OH,157318,2021,5823,Cuba,20.0,202cm,-,-,-,-,-,-,-,-,-,-,-
24.0,Gorguet Salas Alain,OH,190322,2021,5823,Cuba,28.0,189cm,-,-,-,-,-,-,-,-,-,-,-
,Nicolas Ernesto Vives Coffigny,COACH,N/A,2021,5823,,,,,,,,,,,,,,
1.0,Chinenyeze Barthélémy,MB,152494,2021,5824,France,24.0,204cm,111,6.53,84,55.26%,4.94,23,17.04%,1.35,4,2.01%,0.24
2.0,Grebennikov Jenia,L,119792,2021,5824,France,31.0,188cm,0,0.00,0,-,-,0,-,-,0,-,-
4.0,Patry Jean,O,142694,2021,5824,France,25.0,207cm,146,10.43,127,46.52%,9.07,8,14.04%,0.57,11,7.53%,0.79
6.0,Toniutti Benjamin,S,119804,2021,5824,France,32.0,183cm,5,0.33,1,33.33%,0.07,3,9.68%,0.20,1,0.91%,0.07
7.0,Tillie Kevin,OH,124518,2021,5824,France,31.0,200cm,110,6.88,96,52.46%,6.00,9,25.00%,0.56,5,4.00%,0.31
11.0,Brizard Antoine,S,136851,2021,5824,France,27.0,196cm,49,3.06,26,65.00%,1.62,17,29.82%,1.06,6,4.03%,0.38
12.0,Boyer Stephen,O,142710,2021,5824,France,25.0,196cm,127,8.47,113,50.22%,7.53,10,22.73%,0.67,4,4.40%,0.27
14.0,Le Goff Nicolas,MB,125073,2021,5824,France,30.0,206cm,82,4.82,51,54.26%,3.00,28,25.93%,1.65,3,2.26%,0.18
16.0,Bultor Daryl,MB,142677,2021,5824,France,26.0,197cm,71,4.18,52,56.52%,3.06,11,17.46%,0.65,8,7.69%,0.47
17.0,Clevenot Trevor,OH,132948,2021,5824,France,27.0,199cm,114,8.14,92,48.42%,6.57,15,30.61%,1.07,7,5.47%,0.50
19.0,Louati Yacine,OH,120735,2021,5824,France,30.0,198cm,51,3.92,43,37.39%,3.31,4,18.18%,0.31,4,5.63%,0.31
20.0,Diez Benjamin,L,152506,2021,5824,France,23.0,183cm,0,0.00,0,-,-,0,-,-,0,-,-
23.0,Carle Timothée,OH,142686,2021,5824,France,26.0,195cm,-,-,-,-,-,-,-,-,-,-,-
25.0,Jouffroy Quentin,MB,136856,2021,5824,France,28.0,202cm,-,-,-,-,-,-,-,-,-,-,-
,Andrea Giani,COACH,N/A,2021,5824,,,,,,,,,,,,,,
1.0,Fromm Christian,OH,119779,2021,5825,Germany,31.0,204cm,71,4.73,66,44.00%,4.40,2,8.70%,0.13,3,4.55%,0.20
2.0,Tille Johannes,S,152469,2021,5825,Germany,24.0,186cm,-,-,-,-,-,-,-,-,-,-,-
3.0,Kaliberda Denys,OH,119775,2021,5825,Germany,31.0,193cm,54,4.15,47,45.63%,3.62,5,26.32%,0.38,2,2.50%,0.15
5.0,Reichert Moritz,OH,139386,2021,5825,Germany,27.0,194cm,89,5.93,78,39.39%,5.20,7,21.88%,0.47,4,3.05%,0.27
6.0,Graven Leonard,L,182291,2021,5825,Germany,17.0,180cm,-,-,-,-,-,-,-,-,-,-,-
11.0,Kampa Lukas,S,116575,2021,5825,Germany,35.0,196cm,-,-,-,-,-,-,-,-,-,-,-
12.0,Brehme Anton,MB,162081,2021,5825,Germany,22.0,206cm,-,-,-,-,-,-,-,-,-,-,-
13.0,Schott Ruben,OH,136441,2021,5825,Germany,27.0,193cm,106,7.07,85,40.67%,5.67,3,5.77%,0.20,18,10.11%,1.20
18.0,Krage Florian,MB,162790,2021,5825,Germany,25.0,203cm,74,5.69,50,55.56%,3.85,20,22.99%,1.54,4,3.12%,0.31
20.0,Weber Linus,O,162082,2021,5825,Germany,22.0,203cm,154,11.85,128,45.07%,9.85,14,25.00%,1.08,12,8.51%,0.92
21.0,Krick Tobias,MB,152349,2021,5825,Germany,23.0,210cm,115,8.21,83,63.85%,5.93,28,22.58%,2.00,4,3.39%,0.29
22.0,Brand Tobias,OH,163592,2021,5825,Germany,23.0,193cm,-,-,-,-,-,-,-,-,-,-,-
25.0,Maase Lukas,MB,152352,2021,5825,Germany,23.0,208cm,0,0.00,0,0.00%,0.00,0,0.00%,0.00,0,-,-
31.0,Böhme Yan,O,184322,2021,5825,Germany,24.0,203cm,-,-,-,-,-,-,-,-,-,-,-
,Michał Winiarski,COACH,N/A,2021,5825,,,,,,,,,,,,,,
1.0,Jelveh Ghaziani Mahdi,MB,163173,2021,5826,Iran,20.0,208cm,-,-,-,-,-,-,-,-,-,-,-
6.0,Mousavi Eraghi Seyed Mohammad,MB,118827,2021,5826,Iran,34.0,203cm,103,7.36,66,54.55%,4.71,30,27.78%,2.14,7,5.65%,0.50
8.0,Hazratpourtalatappeh Mohammadreza,L,163176,2021,5826,Iran,22.0,187cm,0,0.00,0,-,-,0,-,-,0,-,-
9.0,Moazzen Mohammadreza,L,153535,2021,5826,Iran,30.0,175cm,-,-,-,-,-,-,-,-,-,-,-
12.0,Esfandiar Amirhossein,OH,152752,2021,5826,Iran,23.0,209cm,77,5.50,60,47.62%,4.29,5,14.29%,0.36,12,10.81%,0.86
13.0,Ramezani Ali,S,152753,2021,5826,Iran,23.0,200cm,-,-,-,-,-,-,-,-,-,-,-
19.0,Hossein Khanzadeh Firouzjah Poriya,OH,182470,2021,5826,Iran,17.0,198cm,-,-,-,-,-,-,-,-,-,-,-
20.0,Homayonfarmanesh Shahrooz,OH,123413,2021,5826,Iran,32.0,192cm,-,-,-,-,-,-,-,-,-,-,-
22.0,Afshin Far Armin,OH,189602,2021,5826,Iran,23.0,207cm,-,-,-,-,-,-,-,-,-,-,-
23.0,Saadat Bardia,O,168551,2021,5826,Iran,19.0,205cm,75,5.36,68,50.37%,4.86,2,7.69%,0.14,5,9.09%,0.36
24.0,Karimisouchelmaei Javad,S,152755,2021,5826,Iran,24.0,204cm,8,1.33,1,20.00%,0.17,4,57.14%,0.67,3,12.00%,0.50
27.0,Valizadeh Mohammad,MB,174373,2021,5826,Iran,20.0,204cm,-,-,-,-,-,-,-,-,-,-,-
49.0,Sharifi Morteza,OH,152742,2021,5826,Iran,22.0,193cm,26,2.36,21,42.00%,1.91,2,15.38%,0.18,3,10.34%,0.27
77.0,Daneshdoust Ehsan,OH,163174,2021,5826,Iran,22.0,192cm,-,-,-,-,-,-,-,-,-,-,-
,Behrouz Ataei Nouri,COACH,N/A,2021,5826,,,,,,,,,,,,,,
5.0,Michieletto Alessandro,OH,171191,2021,5827,Italy,20.0,205cm,181,12.07,152,50.00%,10.13,19,36.54%,1.27,10,5.75%,0.67
6.0,Giannelli Simone,S,144005,2021,5827,Italy,25.0,200cm,-,-,-,-,-,-,-,-,-,-,-
7.0,Balaso Fabio,L,150436,2021,5827,Italy,26.0,178cm,0,0.00,0,-,-,0,-,-,0,-,-
8.0,Sbertoli Riccardo,S,152370,2021,5827,Italy,23.0,188cm,18,1.20,7,38.89%,0.47,6,10.17%,0.40,5,3.85%,0.33
10.0,Scanferla Leonardo,L,181128,2021,5827,Italy,23.0,184cm,0,-,0,-,-,0,-,-,0,-,-
12.0,Bottolo Mattia,OH,163447,2021,5827,Italy,22.0,196cm,89,5.93,68,35.79%,4.53,10,27.03%,0.67,11,10.00%,0.73
14.0,Galassi Gianluca,MB,152408,2021,5827,Italy,24.0,201cm,64,8.00,49,71.01%,6.12,11,28.95%,1.38,4,4.88%,0.50
15.0,Lavia Daniele,OH,153200,2021,5827,Italy,22.0,200cm,-,-,-,-,-,-,-,-,-,-,-
16.0,Romanò Yuri,O,162520,2021,5827,Italy,24.0,201cm,-,-,-,-,-,-,-,-,-,-,-
18.0,Gironi Fabrizio,OH,163032,2021,5827,Italy,22.0,200cm,-,-,-,-,-,-,-,-,-,-,-
19.0,Russo Roberto,MB,152405,2021,5827,Italy,25.0,207cm,-,-,-,-,-,-,-,-,-,-,-
20.0,Rinaldi Tommaso,OH,172962,2021,5827,Italy,20.0,200cm,-,-,-,-,-,-,-,-,-,-,-
28.0,Sanguinetti Giovanni,MB,174076,2021,5827,Italy,21.0,203cm,-,-,-,-,-,-,-,-,-,-,-
30.0,Mosca Leandro Ausibio,MB,174074,2021,5827,Italy,21.0,208cm,69,4.93,47,55.95%,3.36,21,23.08%,1.50,1,0.88%,0.07
,Ferdinando De Giorgi,COACH,N/A,2021,5827,,,,,,,,,,,,,,
2.0,Onodera Taishi,MB,142565,2021,5828,Japan,26.0,200cm,66,5.08,49,49.49%,3.77,13,21.67%,1.00,4,3.33%,0.31
4.0,Miyaura Kento,O,163038,2021,5828,Japan,23.0,190cm,-,-,-,-,-,-,-,-,-,-,-
5.0,Otsuka Tatsunori,OH,163516,2021,5828,Japan,21.0,194cm,74,4.93,66,35.48%,4.40,6,20.69%,0.40,2,2.44%,0.13
6.0,Yamauchi Akihiro,MB,146409,2021,5828,Japan,28.0,204cm,60,4.00,45,51.72%,3.00,12,21.82%,0.80,3,2.52%,0.20
8.0,Sekita Masahiro,S,133009,2021,5828,Japan,28.0,175cm,7,0.50,1,14.29%,0.07,2,8.00%,0.14,4,4.00%,0.29
10.0,Takahashi Kentaro,MB,142561,2021,5828,Japan,27.0,202cm,31,3.10,25,58.14%,2.50,6,28.57%,0.60,0,0.00%,0.00
11.0,Tomita Shoma,OH,178761,2021,5828,Japan,24.0,190cm,-,-,-,-,-,-,-,-,-,-,-
12.0,Takahashi Ran,OH,178762,2021,5828,Japan,20.0,188cm,118,7.87,106,49.77%,7.07,5,18.52%,0.33,7,4.96%,0.47
13.0,Ogawa Tomohiro,L,180990,2021,5828,Japan,25.0,176cm,0,0.00,0,-,-,0,-,-,0,-,-
14.0,Ishikawa Yuki,OH,142568,2021,5828,Japan,26.0,191cm,169,12.07,149,55.19%,10.64,11,17.74%,0.79,9,5.88%,0.64
18.0,Nishiyama Hiroto,O,192453,2021,5828,Japan,19.0,193cm,-,-,-,-,-,-,-,-,-,-,-
20.0,Yamamoto Tomohiro,L,172893,2021,5828,Japan,27.0,171cm,0,0.00,0,-,-,0,-,-,0,-,-
21.0,Eiro Motoki,S,142562,2021,5828,Japan,25.0,192cm,-,-,-,-,-,-,-,-,-,-,-
28.0,Evbade-Dan Larry Ik,MB,189039,2021,5828,Japan,21.0,195cm,-,-,-,-,-,-,-,-,-,-,-
,Philippe Blain,COACH,N/A,2021,5828,,,,,,,,,,,,,,
1.0,Korenblek Siebe,MB,188782,2021,5829,Netherlands,19.0,215cm,-,-,-,-,-,-,-,-,-,-,-
2.0,Keemink Wessel,S,141546,2021,5829,Netherlands,28.0,197cm,10,1.00,3,30.00%,0.30,5,19.23%,0.50,2,2.47%,0.20
3.0,Van Garderen Maarten,OH,139929,2021,5829,Netherlands,32.0,200cm,-,-,-,-,-,-,-,-,-,-,-
4.0,Ter Horst Thijs,OH,137345,2021,5829,Netherlands,30.0,204cm,107,9.73,99,52.38%,9.00,5,16.13%,0.45,3,4.11%,0.27
5.0,van Der Ent Cornelis Luuc,MB,169921,2021,5829,Netherlands,23.0,208cm,25,2.27,18,56.25%,1.64,6,11.11%,0.55,1,1.96%,0.09
6.0,Meijs Silvester,S,188784,2021,5829,Netherlands,20.0,202cm,-,-,-,-,-,-,-,-,-,-,-
7.0,Jorna Gijs,OH,131980,2021,5829,Netherlands,32.0,196cm,3,0.50,3,14.29%,0.50,0,0.00%,0.00,0,0.00%,0.00
8.0,Plak Fabian,MB,156678,2021,5829,Netherlands,24.0,198cm,57,4.38,46,58.23%,3.54,9,18.00%,0.69,2,2.30%,0.15
12.0,Tuinstra Bennie Junior,OH,170436,2021,5829,Netherlands,21.0,200cm,135,9.64,118,39.86%,8.43,6,13.04%,0.43,11,6.11%,0.79
14.0,Abdel-Aziz Nimir,O,137498,2021,5829,Netherlands,30.0,201cm,264,22.00,218,53.43%,18.17,10,15.62%,0.83,36,19.46%,3.00
16.0,Ter Maat Wouter,O,154521,2021,5829,Netherlands,30.0,200cm,-,-,-,-,-,-,-,-,-,-,-
18.0,Andringa Robbert,L,121992,2021,5829,Netherlands,31.0,192cm,77,5.50,58,38.41%,4.14,10,22.73%,0.71,9,7.76%,0.64
22.0,Wiltenburg Twan,MB,150703,2021,5829,Netherlands,25.0,205cm,29,2.07,16,47.06%,1.14,6,12.50%,0.43,7,5.98%,0.50
30.0,Lipke Niels,L,188785,2021,5829,Netherlands,19.0,180cm,-,-,-,-,-,-,-,-,-,-,-
,Roberto Piazza,COACH,N/A,2021,5829,,,,,,,,,,,,,,
3.0,Popiwczak Jakub,L,153388,2021,5830,Poland,25.0,180cm,-,-,-,-,-,-,-,-,-,-,-
5.0,Kaczmarek Lukasz,O,162105,2021,5830,Poland,27.0,204cm,63,5.25,48,45.28%,4.00,13,37.14%,1.08,2,3.45%,0.17
6.0,Kurek Bartosz,O,115806,2021,5830,Poland,33.0,205cm,112,10.18,97,50.79%,8.82,13,22.81%,1.18,2,2.25%,0.18
9.0,Leon Venero Wilfredo,OH,119646,2021,5830,Poland,28.0,202cm,127,9.77,86,48.59%,6.62,9,30.00%,0.69,32,23.36%,2.46
10.0,Bednorz Bartosz,OH,150742,2021,5830,Poland,27.0,201cm,36,4.00,21,34.43%,2.33,7,46.67%,0.78,8,20.00%,0.89
11.0,Sliwka Aleksander,OH,142679,2021,5830,Poland,26.0,196cm,45,3.00,41,47.13%,2.73,2,14.29%,0.13,2,2.60%,0.13
12.0,Lomacz Grzegorz,S,115794,2021,5830,Poland,34.0,187cm,6,0.35,2,100%,0.12,3,13.64%,0.18,1,1.45%,0.06
15.0,Kochanowski Jakub,MB,152870,2021,5830,Poland,24.0,199cm,61,5.08,45,61.64%,3.75,12,20.00%,1.00,4,4.30%,0.33
16.0,Semeniuk Kamil,OH,153395,2021,5830,Poland,25.0,195cm,73,5.62,61,50.00%,4.69,11,34.38%,0.85,1,1.56%,0.08
17.0,Zatorski Pawel,L,118614,2021,5830,Poland,31.0,184cm,0,0.00,0,-,-,0,-,-,0,-,-
19.0,Janusz Marcin,S,165942,2021,5830,Poland,27.0,196cm,0,-,0,-,-,0,-,-,0,-,-
20.0,Bieniek Mateusz,MB,150734,2021,5830,Poland,27.0,210cm,106,8.15,67,56.78%,5.15,22,22.45%,1.69,17,11.11%,1.31
21.0,Fornal Tomasz,OH,152866,2021,5830,Poland,24.0,198cm,45,3.75,35,58.33%,2.92,2,16.67%,0.17,8,16.67%,0.67
99.0,Huber Norbert,MB,152869,2021,5830,Poland,23.0,204cm,23,1.92,14,63.64%,1.17,5,21.74%,0.42,4,16.00%,0.33
,Nikola Grbić,COACH,N/A,2021,5830,,,,,,,,,,,,,,
2.0,Kovacevic Uros,OH,124926,2021,5831,Serbia,28.0,197cm,149,14.90,126,49.22%,12.60,16,25.81%,1.60,7,4.96%,0.70
3.0,Kapur Milorad,L,136360,2021,5831,Serbia,31.0,181cm,0,0.00,0,-,-,0,-,-,0,-,-
4.0,Mašulović Veljko,OH,192041,2021,5831,Serbia,19.0,198cm,-,-,-,-,-,-,-,-,-,-,-
7.0,Krsmanovic Petar,MB,146579,2021,5831,Serbia,31.0,205cm,148,9.87,106,66.67%,7.07,32,21.77%,2.13,10,4.18%,0.67
8.0,Ivovic Marko,OH,132022,2021,5831,Serbia,31.0,194cm,190,12.67,158,51.97%,10.53,12,17.39%,0.80,20,8.97%,1.33
10.0,Kujundžić Miran,OH,162122,2021,5831,Serbia,24.0,196cm,30,2.14,26,41.94%,1.86,2,14.29%,0.14,2,6.06%,0.14
11.0,Batak Aleksa,S,173249,2021,5831,Serbia,22.0,198cm,0,0.00,0,-,-,0,-,-,0,-,-
12.0,Peric Pavle,OH,173251,2021,5831,Serbia,23.0,207cm,56,3.73,44,47.83%,2.93,8,33.33%,0.53,4,5.97%,0.27
15.0,Masulovic Nemanja,MB,150382,2021,5831,Serbia,26.0,205cm,-,-,-,-,-,-,-,-,-,-,-
16.0,Luburic Drazen,O,143794,2021,5831,Serbia,28.0,202cm,159,10.60,133,51.15%,8.87,7,15.91%,0.47,19,15.20%,1.27
18.0,Podrascanin Marko,MB,116525,2021,5831,Serbia,34.0,204cm,140,9.33,87,67.44%,5.80,44,27.33%,2.93,9,3.98%,0.60
21.0,Todorovic Vuk,S,173250,2021,5831,Serbia,23.0,190cm,4,0.31,2,66.67%,0.15,1,5.56%,0.08,1,1.85%,0.08
23.0,Vucicevic Bozidar,O,168276,2021,5831,Serbia,23.0,205cm,0,0.00,0,0.00%,0.00,0,-,-,0,-,-
29.0,Nedeljkovic Aleksandar,MB,164985,2021,5831,Serbia,24.0,205cm,-,-,-,-,-,-,-,-,-,-,-
,Igor Kolaković,COACH,N/A,2021,5831,,,,,,,,,,,,,,
2.0,Pajenk Alen,MB,114962,2021,5832,Slovenia,35.0,203cm,140,8.24,102,64.56%,6.00,20,17.54%,1.18,18,7.00%,1.06
3.0,Planinšič Uroš,S,168715,2021,5832,Slovenia,23.0,186cm,-,-,-,-,-,-,-,-,-,-,-
4.0,Kozamernik Jan,MB,151391,2021,5832,Slovenia,26.0,204cm,99,6.19,65,58.56%,4.06,27,19.85%,1.69,7,3.55%,0.44
5.0,Kök Matej,OH,151405,2021,5832,Slovenia,25.0,196cm,-,-,-,-,-,-,-,-,-,-,-
6.0,Toman Urban,L,161756,2021,5832,Slovenia,24.0,185cm,-,-,-,-,-,-,-,-,-,-,-
10.0,Štalekar Sašo,MB,151404,2021,5832,Slovenia,25.0,214cm,5,0.45,2,25.00%,0.18,3,27.27%,0.27,0,0.00%,0.00
11.0,Koncilja Danijel,MB,144483,2021,5832,Slovenia,31.0,201cm,-,-,-,-,-,-,-,-,-,-,-
13.0,Kovačič Jani,L,144415,2021,5832,Slovenia,29.0,186cm,0,0.00,0,-,-,0,-,-,0,-,-
14.0,Štern Žiga,OH,155920,2021,5832,Slovenia,28.0,193cm,41,2.41,37,48.68%,2.18,2,25.00%,0.12,2,6.25%,0.12
16.0,Ropret Gregor,S,119018,2021,5832,Slovenia,33.0,192cm,36,2.12,12,63.16%,0.71,11,16.42%,0.65,13,5.91%,0.76
17.0,Urnaut Tine,OH,114957,2021,5832,Slovenia,33.0,200cm,160,9.41,150,47.32%,8.82,7,13.73%,0.41,3,1.68%,0.18
18.0,Čebulj Klemen,OH,136918,2021,5832,Slovenia,30.0,202cm,234,13.76,200,47.17%,11.76,19,25.00%,1.12,15,7.25%,0.88
19.0,Možič Rok,OH,168747,2021,5832,Slovenia,20.0,200cm,75,4.41,66,56.90%,3.88,7,23.33%,0.41,2,3.64%,0.12
20.0,Mujanovič Nik,O,182325,2021,5832,Slovenia,17.0,206cm,-,-,-,-,-,-,-,-,-,-,-
,Gheorghe Cretu,COACH,N/A,2021,5832,,,,,,,,,,,,,,
1.0,Anderson Matthew,O,118893,2021,5833,United States,34.0,202cm,89,9.89,77,54.61%,8.56,7,21.21%,0.78,5,6.76%,0.56
2.0,Russell Aaron,OH,132624,2021,5833,United States,28.0,205cm,-,-,-,-,-,-,-,-,-,-,-
4.0,Jendryk II Jeffrey,MB,147721,2021,5833,United States,26.0,208cm,34,2.62,23,53.49%,1.77,10,30.30%,0.77,1,2.33%,0.08
8.0,Defalco Torey,OH,139254,2021,5833,United States,24.0,198cm,148,9.87,126,46.67%,8.40,18,31.58%,1.20,4,2.99%,0.27
9.0,Hanes Jake,O,170104,2021,5833,United States,23.0,210cm,2,0.50,2,66.67%,0.50,0,0.00%,0.00,0,0.00%,0.00
10.0,Dagostino Kyle,L,142445,2021,5833,United States,26.0,175cm,-,-,-,-,-,-,-,-,-,-,-
11.0,Christenson Micah,S,124879,2021,5833,United States,28.0,198cm,34,2.83,16,44.44%,1.33,5,10.00%,0.42,13,8.12%,1.08
12.0,Holt Maxwell,MB,118901,2021,5833,United States,35.0,205cm,61,5.08,40,53.33%,3.33,15,29.41%,1.25,6,5.77%,0.50
14.0,Ma'a Micah,S,147421,2021,5833,United States,24.0,192cm,-,-,-,-,-,-,-,-,-,-,-
17.0,Jaeschke Thomas,OH,143682,2021,5833,United States,28.0,198cm,54,4.50,43,42.16%,3.58,6,21.43%,0.50,5,7.81%,0.42
18.0,Muagututia Garrett,OH,133463,2021,5833,United States,34.0,205cm,90,6.00,78,46.43%,5.20,4,12.90%,0.27,8,6.35%,0.53
19.0,Averill Taylor,MB,148120,2021,5833,United States,30.0,201cm,21,3.00,17,62.96%,2.43,4,28.57%,0.57,0,0.00%,0.00
20.0,Smith David,MB,116069,2021,5833,United States,36.0,201cm,60,4.29,42,53.85%,3.00,9,15.00%,0.64,9,7.76%,0.64
22.0,Shoji Erik,L,119732,2021,5833,United States,32.0,184cm,0,0.00,0,-,-,0,-,-,0,-,-
,John Speraw,COACH,N/A,2021,5833,,,,,,,,,,,,,,
1.0,Sanchez Matias,S,142412,2022,5818,Argentina,26.0,175cm,8,0.67,5,45.45%,0.42,2,9.09%,0.17,1,1.04%,0.08
3.0,Martinez Franchi Jan,U,142410,2022,5818,Argentina,25.0,190cm,-,-,-,-,-,-,-,-,-,-,-
4.0,Gallego Joaquin,MB,142411,2022,5818,Argentina,26.0,204cm,41,3.42,26,54.17%,2.17,15,30.00%,1.25,0,0.00%,0.00
7.0,Palonsky Luciano,OH,162546,2022,5818,Argentina,23.0,198cm,78,6.50,76,49.67%,6.33,1,4.00%,0.08,1,1.43%,0.08
8.0,Loser Agustin,MB,152692,2022,5818,Argentina,25.0,198cm,129,10.75,95,58.28%,7.92,26,17.45%,2.17,8,4.55%,0.67
9.0,Danani Santiago,L,153053,2022,5818,Argentina,27.0,176cm,0,0.00,0,-,-,0,-,-,0,-,-
10.0,Zelayeta Mauro,OH,160816,2022,5818,Argentina,23.0,190cm,-,-,-,-,-,-,-,-,-,-,-
11.0,Armoa Manuel,OH,174853,2022,5818,Argentina,20.0,195cm,31,2.58,22,29.73%,1.83,7,38.89%,0.58,2,6.25%,0.17
12.0,Lima Bruno,O,142415,2022,5818,Argentina,27.0,198cm,158,13.17,136,50.56%,11.33,12,17.39%,1.00,10,6.90%,0.83
15.0,De Cecco Luciano,S,117457,2022,5818,Argentina,34.0,191cm,10,2.50,2,25.00%,0.50,3,11.11%,0.75,5,7.14%,1.25
16.0,Koukartsev Pablo Sergio,O,141282,2022,5818,Argentina,29.0,203cm,-,-,-,-,-,-,-,-,-,-,-
17.0,Vicentin Luciano,OH,163555,2022,5818,Argentina,22.0,197cm,74,6.17,63,41.45%,5.25,6,16.67%,0.50,5,4.85%,0.42
18.0,Ramos Martin,MB,125047,2022,5818,Argentina,31.0,197cm,27,2.25,20,51.28%,1.67,6,16.22%,0.50,1,1.89%,0.08
22.0,Zerba Nicolas,MB,162543,2022,5818,Argentina,23.0,203cm,37,3.08,26,49.06%,2.17,8,8.99%,0.67,3,3.85%,0.25
,Marcelo Rodolfo Mendez,COACH,N/A,2022,5818,,,,,,,,,,,,,,
1.0,Rezende Bruno Mossa,S,116099,2022,5819,Brazil,36.0,190cm,16,1.23,5,55.56%,0.38,3,5.77%,0.23,8,5.16%,0.62
4.0,Rodrigues Pinto Otávio Henrique,MB,125010,2022,5819,Brazil,32.0,200cm,-,-,-,-,-,-,-,-,-,-,-
6.0,Fernandes P.X.Cavalcante Adriano,OH,174908,2022,5819,Brazil,21.0,201cm,41,3.15,34,47.89%,2.62,2,11.11%,0.15,5,7.14%,0.38
8.0,Honorato Henrique Dantas Nóbrega,OH,161930,2022,5819,Brazil,26.0,190cm,0,0.00,0,-,-,0,-,-,0,0.00%,0.00
9.0,Leal Hidalgo Yoandy,OH,118928,2022,5819,Brazil,34.0,202cm,112,12.44,100,52.63%,11.11,6,13.33%,0.67,6,5.17%,0.67
14.0,Gil Kreling Fernando,S,142744,2022,5819,Brazil,27.0,186cm,2,0.15,1,50.00%,0.08,0,0.00%,0.00,1,3.33%,0.08
15.0,Nascimento Maique Reis,L,161939,2022,5819,Brazil,25.0,187cm,0,0.00,0,-,-,0,-,-,0,-,-
16.0,Saatkamp Lucas,MB,116081,2022,5819,Brazil,37.0,209cm,54,6.75,38,57.58%,4.75,11,20.00%,1.38,5,4.90%,0.62
17.0,Hoss Thales,L,118916,2022,5819,Brazil,33.0,190cm,0,0.00,0,-,-,0,-,-,0,-,-
18.0,Souza Ricardo Lucarelli,OH,136468,2022,5819,Brazil,31.0,196cm,88,9.78,75,51.37%,8.33,6,18.75%,0.67,7,6.67%,0.78
19.0,Moreira Roque Felipe,O,161921,2022,5819,Brazil,25.0,212cm,-,-,-,-,-,-,-,-,-,-,-
21.0,Souza Alan,O,136947,2022,5819,Brazil,29.0,202cm,113,16.14,98,54.75%,14.00,9,20.45%,1.29,6,7.23%,0.86
23.0,Resende Gualberto Flavio,MB,136956,2022,5819,Brazil,29.0,199cm,108,8.31,78,61.90%,6.00,29,22.48%,2.23,1,0.78%,0.08
30.0,Nunes da Cunha Jr Judson Amabel,MB,187493,2022,5819,Brazil,24.0,204cm,-,-,-,-,-,-,-,-,-,-,-
,Renan Dal Zotto,COACH,N/A,2022,5819,,,,,,,,,,,,,,
3.0,Kolev Nikolay,MB,173067,2022,5820,Bulgaria,25.0,204cm,77,6.42,58,65.91%,4.83,16,23.19%,1.33,3,2.48%,0.25
4.0,Atanasov Martin,OH,156676,2022,5820,Bulgaria,26.0,197cm,139,11.58,117,45.88%,9.75,7,18.42%,0.58,15,10.20%,1.25
5.0,Gotsev Svetoslav,MB,132035,2022,5820,Bulgaria,32.0,205cm,82,6.83,44,61.11%,3.67,35,38.04%,2.92,3,2.91%,0.25
8.0,Asparuhov Asparuh,OH,168269,2022,5820,Bulgaria,22.0,201cm,48,4.00,37,43.02%,3.08,6,26.09%,0.50,5,11.36%,0.42
9.0,Seganov Georgi,S,137012,2022,5820,Bulgaria,29.0,197cm,18,1.50,9,47.37%,0.75,8,18.18%,0.67,1,0.75%,0.08
10.0,Karyagin Denis,OH,174445,2022,5820,Bulgaria,20.0,206cm,40,3.33,37,45.12%,3.08,1,11.11%,0.08,2,4.88%,0.17
11.0,Grozdanov Aleks,MB,152619,2022,5820,Bulgaria,24.0,208cm,25,6.25,15,44.12%,3.75,8,14.29%,2.00,2,5.26%,0.50
12.0,Dimitrov Dimitar,O,180587,2022,5820,Bulgaria,22.0,208cm,-,-,-,-,-,-,-,-,-,-,-
13.0,Salparov Teodor,L,113691,2022,5820,Bulgaria,40.0,187cm,-,-,-,-,-,-,-,-,-,-,-
14.0,Bozhilov Martin,L,135372,2022,5820,Bulgaria,34.0,190cm,-,-,-,-,-,-,-,-,-,-,-
15.0,Raev Delcho,S,124986,2022,5820,Bulgaria,32.0,185cm,-,-,-,-,-,-,-,-,-,-,-
17.0,Penchev Nikolay,OH,132033,2022,5820,Bulgaria,30.0,197cm,-,-,-,-,-,-,-,-,-,-,-
20.0,Bratoev Valentin,OH,118486,2022,5820,Bulgaria,35.0,203cm,-,-,-,-,-,-,-,-,-,-,-
24.0,Petkov Iliya,MB,168268,2022,5820,Bulgaria,26.0,200cm,0,-,0,-,-,0,-,-,0,-,-
,Plamen Konstantinov,COACH,N/A,2022,5820,,,,,,,,,,,,,,
1.0,Eshenko Pearson,MB,157324,2022,5821,Canada,25.0,204cm,40,3.33,26,46.43%,2.17,12,18.18%,1.00,2,2.99%,0.17
2.0,Herr Luke,S,165212,2022,5821,Canada,28.0,192cm,-,-,-,-,-,-,-,-,-,-,-
4.0,Hoag Nicholas,OH,136291,2022,5821,Canada,30.0,200cm,37,4.11,33,48.53%,3.67,2,20.00%,0.22,2,3.39%,0.22
5.0,Hofer Brodie,OH,168914,2022,5821,Canada,22.0,200cm,40,3.33,30,45.45%,2.50,1,8.33%,0.08,9,13.64%,0.75
6.0,Demyanenko Danny,MB,140042,2022,5821,Canada,28.0,196cm,-,-,-,-,-,-,-,-,-,-,-
7.0,Maar Stephen Timothy,OH,140061,2022,5821,Canada,28.0,201cm,163,13.58,139,43.99%,11.58,9,14.06%,0.75,15,10.87%,1.25
8.0,Walsh Brett James,S,143745,2022,5821,Canada,29.0,196cm,14,1.75,5,38.46%,0.62,5,16.67%,0.62,4,5.63%,0.50
10.0,Sclater Ryan Joseph,O,140428,2022,5821,Canada,29.0,200cm,102,8.50,83,49.70%,6.92,10,17.86%,0.83,9,7.32%,0.75
12.0,Van Berkel Lucas,MB,136296,2022,5821,Canada,31.0,210cm,30,2.50,25,55.56%,2.08,5,7.25%,0.42,0,0.00%,0.00
13.0,Cooper Samuel,OH,182679,2022,5821,Canada,21.0,200cm,15,2.14,14,45.16%,2.00,0,0.00%,0.00,1,5.88%,0.14
14.0,Szwarc Arthur,O,151871,2022,5821,Canada,27.0,209cm,-,-,-,-,-,-,-,-,-,-,-
18.0,Lui Justin,L,168925,2022,5821,Canada,22.0,178cm,0,0.00,0,-,-,0,-,-,0,-,-
97.0,Currie Landon,L,168923,2022,5821,Canada,23.0,174cm,-,-,-,-,-,-,-,-,-,-,-
99.0,Elser Mathias,OH,168908,2022,5821,Canada,21.0,198cm,29,2.42,26,47.27%,2.17,2,18.18%,0.17,1,1.75%,0.08
,Tuomas Sammelvuo,COACH,N/A,2022,5821,,,,,,,,,,,,,,
1.0,Wang Dongchen,MB,173184,2022,5822,China,22.0,200cm,-,-,-,-,-,-,-,-,-,-,-
2.0,Jiang Chuan,O,142855,2022,5822,China,28.0,205cm,-,-,-,-,-,-,-,-,-,-,-
3.0,Wang Hebin,S,174297,2022,5822,China,23.0,188cm,2,0.20,1,50.00%,0.10,1,14.29%,0.10,0,0.00%,0.00
5.0,Yang Yiming,L,174295,2022,5822,China,23.0,186cm,0,0.00,0,-,-,0,-,-,0,-,-
6.0,Yu Yuantai,OH,152518,2022,5822,China,25.0,186cm,66,6.60,57,44.88%,5.70,6,27.27%,0.60,3,2.59%,0.30
8.0,Guo Cheng,S,164632,2022,5822,China,27.0,200cm,-,-,-,-,-,-,-,-,-,-,-
9.0,Li Yongzhen,MB,181103,2022,5822,China,24.0,198cm,68,6.80,43,61.43%,4.30,21,24.71%,2.10,4,3.92%,0.40
14.0,Zhai Dejun,OH,174159,2022,5822,China,23.0,195cm,-,-,-,-,-,-,-,-,-,-,-
15.0,Peng Shikun,MB,168175,2022,5822,China,22.0,208cm,67,7.44,45,57.69%,5.00,16,25.81%,1.78,6,5.13%,0.67
16.0,Qu Zongshuai,L,174158,2022,5822,China,24.0,186cm,-,-,-,-,-,-,-,-,-,-,-
18.0,Chen Leiyang,S,152511,2022,5822,China,24.0,198cm,-,-,-,-,-,-,-,-,-,-,-
20.0,Rao Shuhan,MB,142598,2022,5822,China,26.0,205cm,-,-,-,-,-,-,-,-,-,-,-
22.0,Zhang Jingyin,OH,168271,2022,5822,China,23.0,207cm,154,15.40,140,53.44%,14.00,5,10.42%,0.50,9,7.26%,0.90
23.0,Wang Bin,OH,169310,2022,5822,China,21.0,195cm,-,-,-,-,-,-,-,-,-,-,-
,Sheng Wu,COACH,N/A,2022,5822,,,,,,,,,,,,,,
1.0,Masso Alvarez Jose Israel,MB,147273,2022,5823,Cuba,25.0,2cm,-,-,-,-,-,-,-,-,-,-,-
2.0,Mergarejo Hernandez Osniel Lazaro,OH,151814,2022,5823,Cuba,25.0,195cm,-,-,-,-,-,-,-,-,-,-,-
5.0,Concepcion Rojas Javier Octavio,MB,147263,2022,5823,Cuba,25.0,200cm,-,-,-,-,-,-,-,-,-,-,-
6.0,Thondike Mejias Christian Manuel,S,168412,2022,5823,Cuba,21.0,195cm,-,-,-,-,-,-,-,-,-,-,-
7.0,Garcia Alvarez Yonder Roman,L,132361,2022,5823,Cuba,30.0,183cm,-,-,-,-,-,-,-,-,-,-,-
10.0,Gutierrez Suarez Miguel David,O,147268,2022,5823,Cuba,26.0,197cm,-,-,-,-,-,-,-,-,-,-,-
11.0,Taboada Diaz Lyvan,S,157477,2022,5823,Cuba,24.0,191cm,-,-,-,-,-,-,-,-,-,-,-
12.0,Herrera Jaime Jesus,O,169940,2022,5823,Cuba,27.0,194cm,-,-,-,-,-,-,-,-,-,-,-
14.0,Goide Arredondo Adrian Eduardo,S,147272,2022,5823,Cuba,24.0,191cm,-,-,-,-,-,-,-,-,-,-,-
18.0,Lopez Castro Miguel Angel,OH,151817,2022,5823,Cuba,25.0,189cm,-,-,-,-,-,-,-,-,-,-,-
19.0,Pedroso Garriga Endriel Alberto,MB,182877,2022,5823,Cuba,20.0,212cm,-,-,-,-,-,-,-,-,-,-,-
22.0,Gutierrez Suarez Jose Miguel,OH,168417,2022,5823,Cuba,21.0,192cm,-,-,-,-,-,-,-,-,-,-,-
23.0,Yant Herrera Marlon,OH,157318,2022,5823,Cuba,21.0,202cm,-,-,-,-,-,-,-,-,-,-,-
24.0,Gorguet Salas Alain,OH,190322,2022,5823,Cuba,29.0,189cm,-,-,-,-,-,-,-,-,-,-,-
,Nicolas Ernesto Vives Coffigny,COACH,N/A,2022,5823,,,,,,,,,,,,,,
1.0,Chinenyeze Barthélémy,MB,152494,2022,5824,France,25.0,204cm,102,7.29,75,66.96%,5.36,20,19.61%,1.43,7,6.31%,0.50
2.0,Grebennikov Jenia,L,119792,2022,5824,France,32.0,188cm,0,0.00,0,-,-,0,-,-,0,-,-
4.0,Patry Jean,O,142694,2022,5824,France,26.0,207cm,136,9.71,115,48.12%,8.21,10,21.74%,0.71,11,8.73%,0.79
6.0,Toniutti Benjamin,S,119804,2022,5824,France,33.0,183cm,1,0.10,0,0.00%,0.00,1,5.56%,0.10,0,0.00%,0.00
7.0,Tillie Kevin,OH,124518,2022,5824,France,32.0,200cm,2,0.50,2,28.57%,0.50,0,0.00%,0.00,0,0.00%,0.00
11.0,Brizard Antoine,S,136851,2022,5824,France,28.0,196cm,41,3.73,17,60.71%,1.55,9,20.00%,0.82,15,12.61%,1.36
12.0,Boyer Stephen,O,142710,2022,5824,France,26.0,196cm,104,7.43,89,51.15%,6.36,9,24.32%,0.64,6,6.67%,0.43
14.0,Le Goff Nicolas,MB,125073,2022,5824,France,31.0,206cm,55,5.50,34,51.52%,3.40,18,26.87%,1.80,3,4.17%,0.30
16.0,Bultor Daryl,MB,142677,2022,5824,France,27.0,197cm,-,-,-,-,-,-,-,-,-,-,-
17.0,Clevenot Trevor,OH,132948,2022,5824,France,28.0,199cm,86,8.60,72,51.06%,7.20,4,10.81%,0.40,10,8.55%,1.00
19.0,Louati Yacine,OH,120735,2022,5824,France,31.0,198cm,85,6.07,69,44.81%,4.93,8,13.56%,0.57,8,6.67%,0.57
20.0,Diez Benjamin,L,152506,2022,5824,France,24.0,183cm,0,0.00,0,-,-,0,-,-,0,-,-
23.0,Carle Timothée,OH,142686,2022,5824,France,27.0,195cm,-,-,-,-,-,-,-,-,-,-,-
25.0,Jouffroy Quentin,MB,136856,2022,5824,France,29.0,202cm,47,3.36,25,55.56%,1.79,9,14.52%,0.64,13,11.11%,0.93
,Andrea Giani,COACH,N/A,2022,5824,,,,,,,,,,,,,,
1.0,Fromm Christian,OH,119779,2022,5825,Germany,32.0,204cm,130,11.82,107,42.29%,9.73,15,29.41%,1.36,8,5.84%,0.73
2.0,Tille Johannes,S,152469,2022,5825,Germany,25.0,186cm,7,1.00,1,50.00%,0.14,3,27.27%,0.43,3,6.67%,0.43
3.0,Kaliberda Denys,OH,119775,2022,5825,Germany,32.0,193cm,-,-,-,-,-,-,-,-,-,-,-
5.0,Reichert Moritz,OH,139386,2022,5825,Germany,28.0,194cm,90,8.18,77,49.36%,7.00,5,16.67%,0.45,8,7.27%,0.73
6.0,Graven Leonard,L,182291,2022,5825,Germany,18.0,180cm,0,0.00,0,-,-,0,-,-,0,-,-
11.0,Kampa Lukas,S,116575,2022,5825,Germany,36.0,196cm,-,-,-,-,-,-,-,-,-,-,-
12.0,Brehme Anton,MB,162081,2022,5825,Germany,23.0,206cm,-,-,-,-,-,-,-,-,-,-,-
13.0,Schott Ruben,OH,136441,2022,5825,Germany,28.0,193cm,-,-,-,-,-,-,-,-,-,-,-
18.0,Krage Florian,MB,162790,2022,5825,Germany,26.0,203cm,50,4.55,36,56.25%,3.27,10,15.38%,0.91,4,3.92%,0.36
20.0,Weber Linus,O,162082,2022,5825,Germany,23.0,203cm,124,15.50,106,45.49%,13.25,10,18.87%,1.25,8,8.42%,1.00
21.0,Krick Tobias,MB,152349,2022,5825,Germany,24.0,210cm,77,7.00,55,55.00%,5.00,17,20.73%,1.55,5,7.14%,0.45
22.0,Brand Tobias,OH,163592,2022,5825,Germany,24.0,193cm,59,5.36,54,39.42%,4.91,4,11.43%,0.36,1,1.03%,0.09
25.0,Maase Lukas,MB,152352,2022,5825,Germany,24.0,208cm,94,10.44,70,44.87%,7.78,18,18.00%,2.00,6,4.29%,0.67
31.0,Böhme Yan,O,184322,2022,5825,Germany,25.0,203cm,-,-,-,-,-,-,-,-,-,-,-
,Michał Winiarski,COACH,N/A,2022,5825,,,,,,,,,,,,,,
1.0,Jelveh Ghaziani Mahdi,MB,163173,2022,5826,Iran,21.0,208cm,57,4.38,32,54.24%,2.46,20,26.67%,1.54,5,4.10%,0.38
6.0,Mousavi Eraghi Seyed Mohammad,MB,118827,2022,5826,Iran,35.0,203cm,-,-,-,-,-,-,-,-,-,-,-
8.0,Hazratpourtalatappeh Mohammadreza,L,163176,2022,5826,Iran,23.0,187cm,0,0.00,0,-,-,0,-,-,0,-,-
9.0,Moazzen Mohammadreza,L,153535,2022,5826,Iran,31.0,175cm,0,0.00,0,-,-,0,-,-,0,-,-
12.0,Esfandiar Amirhossein,OH,152752,2022,5826,Iran,24.0,209cm,131,10.08,101,49.27%,7.77,14,24.14%,1.08,16,12.03%,1.23
13.0,Ramezani Ali,S,152753,2022,5826,Iran,24.0,200cm,2,0.25,1,33.33%,0.12,0,0.00%,0.00,1,6.67%,0.12
19.0,Hossein Khanzadeh Firouzjah Poriya,OH,182470,2022,5826,Iran,18.0,198cm,-,-,-,-,-,-,-,-,-,-,-
20.0,Homayonfarmanesh Shahrooz,OH,123413,2022,5826,Iran,33.0,192cm,-,-,-,-,-,-,-,-,-,-,-
22.0,Afshin Far Armin,OH,189602,2022,5826,Iran,24.0,207cm,-,-,-,-,-,-,-,-,-,-,-
23.0,Saadat Bardia,O,168551,2022,5826,Iran,20.0,205cm,5,0.56,4,50.00%,0.44,0,0.00%,0.00,1,25.00%,0.11
24.0,Karimisouchelmaei Javad,S,152755,2022,5826,Iran,25.0,204cm,-,-,-,-,-,-,-,-,-,-,-
27.0,Valizadeh Mohammad,MB,174373,2022,5826,Iran,21.0,204cm,-,-,-,-,-,-,-,-,-,-,-
49.0,Sharifi Morteza,OH,152742,2022,5826,Iran,23.0,193cm,50,3.85,40,54.79%,3.08,3,18.75%,0.23,7,11.86%,0.54
77.0,Daneshdoust Ehsan,OH,163174,2022,5826,Iran,23.0,192cm,1,0.20,1,100%,0.20,0,-,-,0,-,-
,Behrouz Ataei Nouri,COACH,N/A,2022,5826,,,,,,,,,,,,,,
5.0,Michieletto Alessandro,OH,171191,2022,5827,Italy,21.0,205cm,120,10.91,100,48.54%,9.09,10,22.73%,0.91,10,6.58%,0.91
6.0,Giannelli Simone,S,144005,2022,5827,Italy,26.0,200cm,64,4.27,29,58.00%,1.93,23,26.74%,1.53,12,5.63%,0.80
7.0,Balaso Fabio,L,150436,2022,5827,Italy,27.0,178cm,0,0.00,0,-,-,0,-,-,0,-,-
8.0,Sbertoli Riccardo,S,152370,2022,5827,Italy,24.0,188cm,1,0.09,0,-,-,1,14.29%,0.09,0,0.00%,0.00
10.0,Scanferla Leonardo,L,181128,2022,5827,Italy,24.0,184cm,0,0.00,0,-,-,0,-,-,0,-,-
12.0,Bottolo Mattia,OH,163447,2022,5827,Italy,23.0,196cm,59,3.93,45,41.67%,3.00,5,17.24%,0.33,9,11.84%,0.60
14.0,Galassi Gianluca,MB,152408,2022,5827,Italy,25.0,201cm,90,6.00,60,57.69%,4.00,21,21.21%,1.40,9,7.69%,0.60
15.0,Lavia Daniele,OH,153200,2022,5827,Italy,23.0,200cm,148,13.45,125,49.41%,11.36,14,26.92%,1.27,9,6.04%,0.82
16.0,Romanò Yuri,O,162520,2022,5827,Italy,25.0,201cm,144,9.60,120,46.51%,8.00,12,20.34%,0.80,12,8.76%,0.80
18.0,Gironi Fabrizio,OH,163032,2022,5827,Italy,23.0,200cm,0,-,0,-,-,0,-,-,0,-,-
19.0,Russo Roberto,MB,152405,2022,5827,Italy,26.0,207cm,34,4.86,22,64.71%,3.14,10,25.00%,1.43,2,4.00%,0.29
20.0,Rinaldi Tommaso,OH,172962,2022,5827,Italy,21.0,200cm,-,-,-,-,-,-,-,-,-,-,-
28.0,Sanguinetti Giovanni,MB,174076,2022,5827,Italy,22.0,203cm,-,-,-,-,-,-,-,-,-,-,-
30.0,Mosca Leandro Ausibio,MB,174074,2022,5827,Italy,22.0,208cm,14,2.33,9,75.00%,1.50,5,25.00%,0.83,0,0.00%,0.00
,Ferdinando De Giorgi,COACH,N/A,2022,5827,,,,,,,,,,,,,,
2.0,Onodera Taishi,MB,142565,2022,5828,Japan,27.0,200cm,57,4.38,43,58.90%,3.31,9,13.85%,0.69,5,3.82%,0.38
4.0,Miyaura Kento,O,163038,2022,5828,Japan,24.0,190cm,43,4.78,39,46.43%,4.33,2,11.11%,0.22,2,5.13%,0.22
5.0,Otsuka Tatsunori,OH,163516,2022,5828,Japan,22.0,194cm,68,5.23,65,45.14%,5.00,1,4.17%,0.08,2,2.74%,0.15
6.0,Yamauchi Akihiro,MB,146409,2022,5828,Japan,29.0,204cm,76,5.85,62,56.36%,4.77,10,10.42%,0.77,4,2.74%,0.31
8.0,Sekita Masahiro,S,133009,2022,5828,Japan,29.0,175cm,8,0.62,4,57.14%,0.31,1,2.44%,0.08,3,2.33%,0.23
10.0,Takahashi Kentaro,MB,142561,2022,5828,Japan,28.0,202cm,42,4.67,31,70.45%,3.44,11,20.00%,1.22,0,0.00%,0.00
11.0,Tomita Shoma,OH,178761,2022,5828,Japan,25.0,190cm,4,0.50,4,22.22%,0.50,0,0.00%,0.00,0,0.00%,0.00
12.0,Takahashi Ran,OH,178762,2022,5828,Japan,21.0,188cm,78,6.00,69,46.00%,5.31,1,3.12%,0.08,8,6.50%,0.62
13.0,Ogawa Tomohiro,L,180990,2022,5828,Japan,26.0,176cm,0,0.00,0,-,-,0,-,-,0,-,-
14.0,Ishikawa Yuki,OH,142568,2022,5828,Japan,27.0,191cm,164,13.67,122,49.19%,10.17,13,22.41%,1.08,29,17.37%,2.42
18.0,Nishiyama Hiroto,O,192453,2022,5828,Japan,20.0,193cm,-,-,-,-,-,-,-,-,-,-,-
20.0,Yamamoto Tomohiro,L,172893,2022,5828,Japan,28.0,171cm,0,0.00,0,-,-,0,-,-,0,-,-
21.0,Eiro Motoki,S,142562,2022,5828,Japan,26.0,192cm,4,1.00,3,60.00%,0.75,1,9.09%,0.25,0,0.00%,0.00
28.0,Evbade-Dan Larry Ik,MB,189039,2022,5828,Japan,22.0,195cm,-,-,-,-,-,-,-,-,-,-,-
,Philippe Blain,COACH,N/A,2022,5828,,,,,,,,,,,,,,
1.0,Korenblek Siebe,MB,188782,2022,5829,Netherlands,20.0,215cm,-,-,-,-,-,-,-,-,-,-,-
2.0,Keemink Wessel,S,141546,2022,5829,Netherlands,29.0,197cm,20,1.54,13,61.90%,1.00,5,11.11%,0.38,2,1.43%,0.15
3.0,Van Garderen Maarten,OH,139929,2022,5829,Netherlands,33.0,200cm,37,4.11,31,37.80%,3.44,5,26.32%,0.56,1,2.22%,0.11
4.0,Ter Horst Thijs,OH,137345,2022,5829,Netherlands,31.0,204cm,78,6.50,66,51.16%,5.50,7,24.14%,0.58,5,7.94%,0.42
5.0,van Der Ent Cornelis Luuc,MB,169921,2022,5829,Netherlands,24.0,208cm,11,0.85,3,23.08%,0.23,5,16.67%,0.38,3,7.32%,0.23
6.0,Meijs Silvester,S,188784,2022,5829,Netherlands,21.0,202cm,-,-,-,-,-,-,-,-,-,-,-
7.0,Jorna Gijs,OH,131980,2022,5829,Netherlands,33.0,196cm,47,3.62,39,37.50%,3.00,4,20.00%,0.31,4,4.12%,0.31
8.0,Plak Fabian,MB,156678,2022,5829,Netherlands,25.0,198cm,85,6.54,57,64.77%,4.38,19,19.59%,1.46,9,7.38%,0.69
12.0,Tuinstra Bennie Junior,OH,170436,2022,5829,Netherlands,22.0,200cm,122,9.38,99,44.00%,7.62,8,17.39%,0.62,15,10.27%,1.15
14.0,Abdel-Aziz Nimir,O,137498,2022,5829,Netherlands,31.0,201cm,247,19.00,207,50.49%,15.92,10,18.52%,0.77,30,17.14%,2.31
16.0,Ter Maat Wouter,O,154521,2022,5829,Netherlands,31.0,200cm,-,-,-,-,-,-,-,-,-,-,-
18.0,Andringa Robbert,L,121992,2022,5829,Netherlands,32.0,192cm,0,0.00,0,-,-,0,-,-,0,-,-
22.0,Wiltenburg Twan,MB,150703,2022,5829,Netherlands,26.0,205cm,43,3.31,20,47.62%,1.54,19,21.59%,1.46,4,3.64%,0.31
30.0,Lipke Niels,L,188785,2022,5829,Netherlands,20.0,180cm,-,-,-,-,-,-,-,-,-,-,-
,Roberto Piazza,COACH,N/A,2022,5829,,,,,,,,,,,,,,
3.0,Popiwczak Jakub,L,153388,2022,5830,Poland,26.0,180cm,0,0.00,0,-,-,0,-,-,0,-,-
5.0,Kaczmarek Lukasz,O,162105,2022,5830,Poland,28.0,204cm,39,3.55,33,48.53%,3.00,3,25.00%,0.27,3,5.77%,0.27
6.0,Kurek Bartosz,O,115806,2022,5830,Poland,34.0,205cm,134,12.18,111,51.87%,10.09,10,30.30%,0.91,13,11.30%,1.18
9.0,Leon Venero Wilfredo,OH,119646,2022,5830,Poland,29.0,202cm,-,-,-,-,-,-,-,-,-,-,-
10.0,Bednorz Bartosz,OH,150742,2022,5830,Poland,28.0,201cm,25,3.57,23,56.10%,3.29,1,33.33%,0.14,1,4.00%,0.14
11.0,Sliwka Aleksander,OH,142679,2022,5830,Poland,27.0,196cm,68,6.18,59,50.86%,5.36,4,16.67%,0.36,5,5.68%,0.45
12.0,Lomacz Grzegorz,S,115794,2022,5830,Poland,35.0,187cm,0,0.00,0,-,-,0,0.00%,0.00,0,0.00%,0.00
15.0,Kochanowski Jakub,MB,152870,2022,5830,Poland,25.0,199cm,84,5.60,54,59.34%,3.60,19,21.84%,1.27,11,7.59%,0.73
16.0,Semeniuk Kamil,OH,153395,2022,5830,Poland,26.0,195cm,104,9.45,86,48.31%,7.82,9,25.71%,0.82,9,7.56%,0.82
17.0,Zatorski Pawel,L,118614,2022,5830,Poland,32.0,184cm,0,0.00,0,-,-,0,-,-,0,-,-
19.0,Janusz Marcin,S,165942,2022,5830,Poland,28.0,196cm,8,0.73,1,33.33%,0.09,4,12.90%,0.36,3,3.90%,0.27
20.0,Bieniek Mateusz,MB,150734,2022,5830,Poland,28.0,210cm,83,7.55,53,62.35%,4.82,9,13.43%,0.82,21,13.73%,1.91
21.0,Fornal Tomasz,OH,152866,2022,5830,Poland,25.0,198cm,95,6.33,77,53.10%,5.13,7,17.07%,0.47,11,11.83%,0.73
99.0,Huber Norbert,MB,152869,2022,5830,Poland,24.0,204cm,-,-,-,-,-,-,-,-,-,-,-
,Nikola Grbić,COACH,N/A,2022,5830,,,,,,,,,,,,,,
2.0,Kovacevic Uros,OH,124926,2022,5831,Serbia,29.0,197cm,-,-,-,-,-,-,-,-,-,-,-
3.0,Kapur Milorad,L,136360,2022,5831,Serbia,32.0,181cm,-,-,-,-,-,-,-,-,-,-,-
4.0,Mašulović Veljko,OH,192041,2022,5831,Serbia,20.0,198cm,-,-,-,-,-,-,-,-,-,-,-
7.0,Krsmanovic Petar,MB,146579,2022,5831,Serbia,32.0,205cm,10,1.25,9,50.00%,1.12,1,5.56%,0.12,0,0.00%,0.00
8.0,Ivovic Marko,OH,132022,2022,5831,Serbia,32.0,194cm,-,-,-,-,-,-,-,-,-,-,-
10.0,Kujundžić Miran,OH,162122,2022,5831,Serbia,25.0,196cm,119,9.92,98,50.26%,8.17,6,23.08%,0.50,15,10.14%,1.25
11.0,Batak Aleksa,S,173249,2022,5831,Serbia,23.0,198cm,-,-,-,-,-,-,-,-,-,-,-
12.0,Peric Pavle,OH,173251,2022,5831,Serbia,24.0,207cm,130,10.83,109,45.99%,9.08,11,25.58%,0.92,10,7.81%,0.83
15.0,Masulovic Nemanja,MB,150382,2022,5831,Serbia,27.0,205cm,65,5.42,52,60.47%,4.33,11,12.79%,0.92,2,1.98%,0.17
16.0,Luburic Drazen,O,143794,2022,5831,Serbia,29.0,202cm,-,-,-,-,-,-,-,-,-,-,-
18.0,Podrascanin Marko,MB,116525,2022,5831,Serbia,35.0,204cm,28,3.50,18,56.25%,2.25,8,25.00%,1.00,2,3.85%,0.25
21.0,Todorovic Vuk,S,173250,2022,5831,Serbia,24.0,190cm,1,0.12,1,100%,0.12,0,0.00%,0.00,0,0.00%,0.00
23.0,Vucicevic Bozidar,O,168276,2022,5831,Serbia,24.0,205cm,19,4.75,13,34.21%,3.25,2,50.00%,0.50,4,20.00%,1.00
29.0,Nedeljkovic Aleksandar,MB,164985,2022,5831,Serbia,25.0,205cm,28,7.00,18,54.55%,4.50,7,14.58%,1.75,3,5.00%,0.75
,Igor Kolaković,COACH,N/A,2022,5831,,,,,,,,,,,,,,
2.0,Pajenk Alen,MB,114962,2022,5832,Slovenia,36.0,203cm,70,5.83,54,60.67%,4.50,12,20.69%,1.00,4,3.85%,0.33
3.0,Planinšič Uroš,S,168715,2022,5832,Slovenia,24.0,186cm,0,0.00,0,-,-,0,0.00%,0.00,0,0.00%,0.00
4.0,Kozamernik Jan,MB,151391,2022,5832,Slovenia,27.0,204cm,71,5.92,45,61.64%,3.75,22,25.00%,1.83,4,2.82%,0.33
5.0,Kök Matej,OH,151405,2022,5832,Slovenia,26.0,196cm,-,-,-,-,-,-,-,-,-,-,-
6.0,Toman Urban,L,161756,2022,5832,Slovenia,25.0,185cm,-,-,-,-,-,-,-,-,-,-,-
10.0,Štalekar Sašo,MB,151404,2022,5832,Slovenia,26.0,214cm,2,0.50,1,20.00%,0.25,1,9.09%,0.25,0,0.00%,0.00
11.0,Koncilja Danijel,MB,144483,2022,5832,Slovenia,32.0,201cm,29,2.42,25,51.02%,2.08,4,14.81%,0.33,0,0.00%,0.00
13.0,Kovačič Jani,L,144415,2022,5832,Slovenia,30.0,186cm,0,0.00,0,-,-,0,-,-,0,-,-
14.0,Štern Žiga,OH,155920,2022,5832,Slovenia,29.0,193cm,53,4.42,50,45.45%,4.17,3,18.75%,0.25,0,0.00%,0.00
16.0,Ropret Gregor,S,119018,2022,5832,Slovenia,34.0,192cm,14,1.17,4,50.00%,0.33,5,18.52%,0.42,5,4.20%,0.42
17.0,Urnaut Tine,OH,114957,2022,5832,Slovenia,34.0,200cm,55,6.88,46,43.81%,5.75,3,17.65%,0.38,6,10.00%,0.75
18.0,Čebulj Klemen,OH,136918,2022,5832,Slovenia,31.0,202cm,45,11.25,39,43.82%,9.75,3,21.43%,0.75,3,5.66%,0.75
19.0,Možič Rok,OH,168747,2022,5832,Slovenia,21.0,200cm,141,11.75,123,48.62%,10.25,15,27.78%,1.25,3,2.78%,0.25
20.0,Mujanovič Nik,O,182325,2022,5832,Slovenia,18.0,206cm,-,-,-,-,-,-,-,-,-,-,-
,Gheorghe Cretu,COACH,N/A,2022,5832,,,,,,,,,,,,,,
1.0,Anderson Matthew,O,118893,2022,5833,United States,35.0,202cm,-,-,-,-,-,-,-,-,-,-,-
2.0,Russell Aaron,OH,132624,2022,5833,United States,29.0,205cm,197,13.13,162,50.00%,10.80,14,18.42%,0.93,21,10.88%,1.40
4.0,Jendryk II Jeffrey,MB,147721,2022,5833,United States,27.0,208cm,107,7.13,79,65.83%,5.27,21,13.73%,1.40,7,4.09%,0.47
8.0,Defalco Torey,OH,139254,2022,5833,United States,25.0,198cm,180,16.36,157,55.09%,14.27,9,13.04%,0.82,14,7.41%,1.27
9.0,Hanes Jake,O,170104,2022,5833,United States,24.0,210cm,36,4.50,33,47.83%,4.12,2,12.50%,0.25,1,2.63%,0.12
10.0,Dagostino Kyle,L,142445,2022,5833,United States,27.0,175cm,0,0.00,0,-,-,0,-,-,0,-,-
11.0,Christenson Micah,S,124879,2022,5833,United States,29.0,198cm,25,3.57,9,56.25%,1.29,11,25.00%,1.57,5,4.46%,0.71
12.0,Holt Maxwell,MB,118901,2022,5833,United States,36.0,205cm,-,-,-,-,-,-,-,-,-,-,-
14.0,Ma'a Micah,S,147421,2022,5833,United States,25.0,192cm,-,-,-,-,-,-,-,-,-,-,-
17.0,Jaeschke Thomas,OH,143682,2022,5833,United States,29.0,198cm,33,4.12,25,37.31%,3.12,5,33.33%,0.62,3,6.67%,0.38
18.0,Muagututia Garrett,OH,133463,2022,5833,United States,35.0,205cm,27,2.45,27,56.25%,2.45,0,0.00%,0.00,0,0.00%,0.00
19.0,Averill Taylor,MB,148120,2022,5833,United States,31.0,201cm,-,-,-,-,-,-,-,-,-,-,-
20.0,Smith David,MB,116069,2022,5833,United States,37.0,201cm,108,7.20,67,63.21%,4.47,32,22.54%,2.13,9,5.23%,0.60
22.0,Shoji Erik,L,119732,2022,5833,United States,33.0,184cm,0,0.00,0,-,-,0,-,-,0,-,-
,John Speraw,COACH,N/A,2022,5833,,,,,,,,,,,,,,
1.0,Sanchez Matias,S,142412,2023,5818,Argentina,27.0,175cm,1,0.08,0,0.00%,0.00,0,0.00%,0.00,1,1.61%,0.08
3.0,Martinez Franchi Jan,U,142410,2023,5818,Argentina,26.0,190cm,28,2.15,25,38.46%,1.92,2,12.50%,0.15,1,2.86%,0.08
4.0,Gallego Joaquin,MB,142411,2023,5818,Argentina,27.0,204cm,20,1.54,14,46.67%,1.08,6,19.35%,0.46,0,0.00%,0.00
7.0,Palonsky Luciano,OH,162546,2023,5818,Argentina,24.0,198cm,183,14.08,151,49.35%,11.62,13,18.84%,1.00,19,9.31%,1.46
8.0,Loser Agustin,MB,152692,2023,5818,Argentina,26.0,198cm,168,12.92,103,63.98%,7.92,53,32.52%,4.08,12,5.56%,0.92
9.0,Danani Santiago,L,153053,2023,5818,Argentina,28.0,176cm,0,0.00,0,-,-,0,-,-,0,-,-
10.0,Zelayeta Mauro,OH,160816,2023,5818,Argentina,24.0,190cm,1,0.08,1,100%,0.08,0,-,-,0,0.00%,0.00
11.0,Armoa Manuel,OH,174853,2023,5818,Argentina,21.0,195cm,14,1.08,10,45.45%,0.77,1,25.00%,0.08,3,15.79%,0.23
12.0,Lima Bruno,O,142415,2023,5818,Argentina,28.0,198cm,133,10.23,119,52.65%,9.15,7,11.48%,0.54,7,5.22%,0.54
15.0,De Cecco Luciano,S,117457,2023,5818,Argentina,35.0,191cm,16,1.78,7,50.00%,0.78,5,12.20%,0.56,4,3.03%,0.44
16.0,Koukartsev Pablo Sergio,O,141282,2023,5818,Argentina,30.0,203cm,90,6.92,81,43.09%,6.23,6,20.69%,0.46,3,3.57%,0.23
17.0,Vicentin Luciano,OH,163555,2023,5818,Argentina,23.0,197cm,133,10.23,112,38.62%,8.62,15,19.48%,1.15,6,4.00%,0.46
18.0,Ramos Martin,MB,125047,2023,5818,Argentina,32.0,197cm,26,2.00,18,60.00%,1.38,8,25.00%,0.62,0,0.00%,0.00
22.0,Zerba Nicolas,MB,162543,2023,5818,Argentina,24.0,203cm,52,4.00,40,53.33%,3.08,9,10.47%,0.69,3,3.03%,0.23
,Marcelo Rodolfo Mendez,COACH,N/A,2023,5818,,,,,,,,,,,,,,
1.0,Rezende Bruno Mossa,S,116099,2023,5819,Brazil,37.0,190cm,15,1.15,5,45.45%,0.38,6,9.52%,0.46,4,2.48%,0.31
4.0,Rodrigues Pinto Otávio Henrique,MB,125010,2023,5819,Brazil,33.0,200cm,68,5.23,47,67.14%,3.62,13,16.25%,1.00,8,6.40%,0.62
6.0,Fernandes P.X.Cavalcante Adriano,OH,174908,2023,5819,Brazil,22.0,201cm,34,2.62,30,41.10%,2.31,3,12.50%,0.23,1,2.08%,0.08
8.0,Honorato Henrique Dantas Nóbrega,OH,161930,2023,5819,Brazil,27.0,190cm,97,7.46,77,42.08%,5.92,15,23.44%,1.15,5,3.52%,0.38
9.0,Leal Hidalgo Yoandy,OH,118928,2023,5819,Brazil,35.0,202cm,2,2.00,2,50.00%,2.00,0,0.00%,0.00,0,0.00%,0.00
14.0,Gil Kreling Fernando,S,142744,2023,5819,Brazil,28.0,186cm,1,0.08,1,33.33%,0.08,0,0.00%,0.00,0,0.00%,0.00
15.0,Nascimento Maique Reis,L,161939,2023,5819,Brazil,26.0,187cm,0,0.00,0,-,-,0,-,-,0,-,-
16.0,Saatkamp Lucas,MB,116081,2023,5819,Brazil,38.0,209cm,46,5.11,32,49.23%,3.56,9,14.06%,1.00,5,6.67%,0.56
17.0,Hoss Thales,L,118916,2023,5819,Brazil,34.0,190cm,0,0.00,0,-,-,0,-,-,0,-,-
18.0,Souza Ricardo Lucarelli,OH,136468,2023,5819,Brazil,32.0,196cm,185,14.23,154,49.36%,11.85,12,16.44%,0.92,19,9.18%,1.46
19.0,Moreira Roque Felipe,O,161921,2023,5819,Brazil,26.0,212cm,39,4.33,32,59.26%,3.56,6,35.29%,0.67,1,4.00%,0.11
21.0,Souza Alan,O,136947,2023,5819,Brazil,30.0,202cm,177,13.62,162,52.60%,12.46,8,8.99%,0.62,7,5.43%,0.54
23.0,Resende Gualberto Flavio,MB,136956,2023,5819,Brazil,30.0,199cm,80,6.15,56,61.54%,4.31,22,20.00%,1.69,2,1.79%,0.15
30.0,Nunes da Cunha Jr Judson Amabel,MB,187493,2023,5819,Brazil,25.0,204cm,51,3.92,45,72.58%,3.46,6,12.00%,0.46,0,0.00%,0.00
,Renan Dal Zotto,COACH,N/A,2023,5819,,,,,,,,,,,,,,
3.0,Kolev Nikolay,MB,173067,2023,5820,Bulgaria,26.0,204cm,54,4.50,41,63.08%,3.42,9,12.68%,0.75,4,4.71%,0.33
4.0,Atanasov Martin,OH,156676,2023,5820,Bulgaria,27.0,197cm,121,10.08,100,49.50%,8.33,13,24.53%,1.08,8,6.06%,0.67
5.0,Gotsev Svetoslav,MB,132035,2023,5820,Bulgaria,33.0,205cm,24,2.00,15,48.39%,1.25,9,28.12%,0.75,0,0.00%,0.00
8.0,Asparuhov Asparuh,OH,168269,2023,5820,Bulgaria,23.0,201cm,79,6.58,71,44.10%,5.92,6,17.65%,0.50,2,2.86%,0.17
9.0,Seganov Georgi,S,137012,2023,5820,Bulgaria,30.0,197cm,8,0.67,2,13.33%,0.17,5,12.50%,0.42,1,0.81%,0.08
10.0,Karyagin Denis,OH,174445,2023,5820,Bulgaria,21.0,206cm,42,3.50,36,43.90%,3.00,5,21.74%,0.42,1,2.38%,0.08
11.0,Grozdanov Aleks,MB,152619,2023,5820,Bulgaria,25.0,208cm,79,6.58,53,54.64%,4.42,23,23.96%,1.92,3,2.01%,0.25
12.0,Dimitrov Dimitar,O,180587,2023,5820,Bulgaria,23.0,208cm,82,6.83,69,37.10%,5.75,8,25.81%,0.67,5,5.10%,0.42
13.0,Salparov Teodor,L,113691,2023,5820,Bulgaria,41.0,187cm,0,0.00,0,-,-,0,-,-,0,-,-
14.0,Bozhilov Martin,L,135372,2023,5820,Bulgaria,35.0,190cm,0,0.00,0,-,-,0,-,-,0,-,-
15.0,Raev Delcho,S,124986,2023,5820,Bulgaria,33.0,185cm,0,0.00,0,-,-,0,0.00%,0.00,0,0.00%,0.00
17.0,Penchev Nikolay,OH,132033,2023,5820,Bulgaria,31.0,197cm,15,1.88,13,36.11%,1.62,2,14.29%,0.25,0,0.00%,0.00
20.0,Bratoev Valentin,OH,118486,2023,5820,Bulgaria,36.0,203cm,7,1.75,5,29.41%,1.25,1,14.29%,0.25,1,4.55%,0.25
24.0,Petkov Iliya,MB,168268,2023,5820,Bulgaria,27.0,200cm,17,1.42,12,54.55%,1.00,2,10.53%,0.17,3,5.77%,0.25
,Plamen Konstantinov,COACH,N/A,2023,5820,,,,,,,,,,,,,,
1.0,Eshenko Pearson,MB,157324,2023,5821,Canada,26.0,204cm,39,3.25,31,62.00%,2.58,6,9.23%,0.50,2,2.33%,0.17
2.0,Herr Luke,S,165212,2023,5821,Canada,29.0,192cm,13,1.08,2,50.00%,0.17,8,18.18%,0.67,3,2.63%,0.25
4.0,Hoag Nicholas,OH,136291,2023,5821,Canada,31.0,200cm,98,8.17,84,42.21%,7.00,4,9.09%,0.33,10,5.92%,0.83
5.0,Hofer Brodie,OH,168914,2023,5821,Canada,23.0,200cm,19,1.58,18,36.00%,1.50,0,0.00%,0.00,1,2.78%,0.08
6.0,Demyanenko Danny,MB,140042,2023,5821,Canada,29.0,196cm,80,6.67,57,61.96%,4.75,16,16.16%,1.33,7,5.11%,0.58
7.0,Maar Stephen Timothy,OH,140061,2023,5821,Canada,29.0,201cm,140,11.67,117,41.49%,9.75,15,20.55%,1.25,8,6.84%,0.67
8.0,Walsh Brett James,S,143745,2023,5821,Canada,30.0,196cm,3,0.38,0,-,-,1,7.69%,0.12,2,8.70%,0.25
10.0,Sclater Ryan Joseph,O,140428,2023,5821,Canada,30.0,200cm,132,11.00,114,47.11%,9.50,11,24.44%,0.92,7,7.22%,0.58
12.0,Van Berkel Lucas,MB,136296,2023,5821,Canada,32.0,210cm,39,3.25,30,53.57%,2.50,9,10.47%,0.75,0,0.00%,0.00
13.0,Cooper Samuel,OH,182679,2023,5821,Canada,22.0,200cm,27,3.38,21,42.86%,2.62,2,50.00%,0.25,4,25.00%,0.50
14.0,Szwarc Arthur,O,151871,2023,5821,Canada,28.0,209cm,96,8.00,80,50.31%,6.67,7,24.14%,0.58,9,11.25%,0.75
18.0,Lui Justin,L,168925,2023,5821,Canada,23.0,178cm,0,0.00,0,-,-,0,-,-,0,-,-
97.0,Currie Landon,L,168923,2023,5821,Canada,24.0,174cm,0,0.00,0,-,-,0,-,-,0,-,-
99.0,Elser Mathias,OH,168908,2023,5821,Canada,22.0,198cm,19,1.58,17,37.78%,1.42,2,16.67%,0.17,0,0.00%,0.00
,Tuomas Sammelvuo,COACH,N/A,2023,5821,,,,,,,,,,,,,,
1.0,Wang Dongchen,MB,173184,2023,5822,China,23.0,200cm,32,2.67,21,45.65%,1.75,8,22.22%,0.67,3,4.35%,0.25
2.0,Jiang Chuan,O,142855,2023,5822,China,29.0,205cm,104,8.67,94,44.55%,7.83,6,13.95%,0.50,4,4.21%,0.33
3.0,Wang Hebin,S,174297,2023,5822,China,24.0,188cm,16,1.33,5,35.71%,0.42,8,17.02%,0.67,3,2.38%,0.25
5.0,Yang Yiming,L,174295,2023,5822,China,24.0,186cm,0,0.00,0,-,-,0,-,-,0,-,-
6.0,Yu Yuantai,OH,152518,2023,5822,China,26.0,186cm,92,7.67,83,50.92%,6.92,4,15.38%,0.33,5,4.67%,0.42
8.0,Guo Cheng,S,164632,2023,5822,China,28.0,200cm,2,0.17,0,0.00%,0.00,2,28.57%,0.17,0,0.00%,0.00
9.0,Li Yongzhen,MB,181103,2023,5822,China,25.0,198cm,71,5.92,49,60.49%,4.08,18,19.35%,1.50,4,4.08%,0.33
14.0,Zhai Dejun,OH,174159,2023,5822,China,24.0,195cm,58,4.83,50,35.97%,4.17,3,11.11%,0.25,5,6.85%,0.42
15.0,Peng Shikun,MB,168175,2023,5822,China,23.0,208cm,65,5.42,46,53.49%,3.83,15,18.99%,1.25,4,2.61%,0.33
16.0,Qu Zongshuai,L,174158,2023,5822,China,25.0,186cm,0,0.00,0,-,-,0,-,-,0,-,-
18.0,Chen Leiyang,S,152511,2023,5822,China,25.0,198cm,1,0.12,0,-,-,0,0.00%,0.00,1,3.57%,0.12
20.0,Rao Shuhan,MB,142598,2023,5822,China,27.0,205cm,0,-,0,-,-,0,-,-,0,-,-
22.0,Zhang Jingyin,OH,168271,2023,5822,China,24.0,207cm,201,16.75,162,48.50%,13.50,22,31.88%,1.83,17,11.41%,1.42
23.0,Wang Bin,OH,169310,2023,5822,China,22.0,195cm,29,2.42,25,53.19%,2.08,0,0.00%,0.00,4,10.53%,0.33
,Sheng Wu,COACH,N/A,2023,5822,,,,,,,,,,,,,,
1.0,Masso Alvarez Jose Israel,MB,147273,2023,5823,Cuba,26.0,2cm,59,4.92,47,58.02%,3.92,9,9.89%,0.75,3,3.37%,0.25
2.0,Mergarejo Hernandez Osniel Lazaro,OH,151814,2023,5823,Cuba,26.0,195cm,38,3.17,34,36.17%,2.83,2,10.53%,0.17,2,2.53%,0.17
5.0,Concepcion Rojas Javier Octavio,MB,147263,2023,5823,Cuba,26.0,200cm,99,8.25,67,61.47%,5.58,29,20.86%,2.42,3,2.13%,0.25
6.0,Thondike Mejias Christian Manuel,S,168412,2023,5823,Cuba,22.0,195cm,5,0.42,1,9.09%,0.08,3,14.29%,0.25,1,2.50%,0.08
7.0,Garcia Alvarez Yonder Roman,L,132361,2023,5823,Cuba,31.0,183cm,0,0.00,0,-,-,0,-,-,0,-,-
10.0,Gutierrez Suarez Miguel David,O,147268,2023,5823,Cuba,27.0,197cm,11,0.92,9,52.94%,0.75,2,25.00%,0.17,0,0.00%,0.00
11.0,Taboada Diaz Lyvan,S,157477,2023,5823,Cuba,25.0,191cm,20,1.67,6,46.15%,0.50,14,22.95%,1.17,0,0.00%,0.00
12.0,Herrera Jaime Jesus,O,169940,2023,5823,Cuba,28.0,194cm,212,17.67,180,51.43%,15.00,11,17.74%,0.92,21,10.71%,1.75
14.0,Goide Arredondo Adrian Eduardo,S,147272,2023,5823,Cuba,25.0,191cm,0,0.00,0,-,-,0,0.00%,0.00,0,-,-
18.0,Lopez Castro Miguel Angel,OH,151817,2023,5823,Cuba,26.0,189cm,171,14.25,148,50.34%,12.33,7,10.77%,0.58,16,9.20%,1.33
19.0,Pedroso Garriga Endriel Alberto,MB,182877,2023,5823,Cuba,21.0,212cm,21,1.75,10,43.48%,0.83,11,28.21%,0.92,0,0.00%,0.00
22.0,Gutierrez Suarez Jose Miguel,OH,168417,2023,5823,Cuba,22.0,192cm,2,0.17,0,0.00%,0.00,1,100%,0.08,1,2.13%,0.08
23.0,Yant Herrera Marlon,OH,157318,2023,5823,Cuba,22.0,202cm,100,8.33,85,47.22%,7.08,11,22.45%,0.92,4,3.67%,0.33
24.0,Gorguet Salas Alain,OH,190322,2023,5823,Cuba,30.0,189cm,0,0.00,0,-,-,0,-,-,0,-,-
,Nicolas Ernesto Vives Coffigny,COACH,N/A,2023,5823,,,,,,,,,,,,,,
1.0,Chinenyeze Barthélémy,MB,152494,2023,5824,France,26.0,204cm,89,9.89,70,60.87%,7.78,15,20.27%,1.67,4,3.77%,0.44
2.0,Grebennikov Jenia,L,119792,2023,5824,France,33.0,188cm,0,0.00,0,-,-,0,-,-,0,-,-
4.0,Patry Jean,O,142694,2023,5824,France,27.0,207cm,84,9.33,68,45.33%,7.56,10,35.71%,1.11,6,8.33%,0.67
6.0,Toniutti Benjamin,S,119804,2023,5824,France,34.0,183cm,4,0.80,3,75.00%,0.60,1,11.11%,0.20,0,0.00%,0.00
7.0,Tillie Kevin,OH,124518,2023,5824,France,33.0,200cm,92,10.22,86,45.74%,9.56,4,8.16%,0.44,2,1.53%,0.22
11.0,Brizard Antoine,S,136851,2023,5824,France,29.0,196cm,21,2.33,8,42.11%,0.89,6,15.00%,0.67,7,6.48%,0.78
12.0,Boyer Stephen,O,142710,2023,5824,France,27.0,196cm,62,6.89,57,45.97%,6.33,3,13.64%,0.33,2,3.77%,0.22
14.0,Le Goff Nicolas,MB,125073,2023,5824,France,32.0,206cm,29,5.80,20,62.50%,4.00,8,30.77%,1.60,1,3.57%,0.20
16.0,Bultor Daryl,MB,142677,2023,5824,France,28.0,197cm,73,5.62,59,67.05%,4.54,10,16.39%,0.77,4,4.60%,0.31
17.0,Clevenot Trevor,OH,132948,2023,5824,France,29.0,199cm,96,10.67,86,45.03%,9.56,7,14.29%,0.78,3,2.65%,0.33
19.0,Louati Yacine,OH,120735,2023,5824,France,32.0,198cm,42,4.67,33,37.50%,3.67,5,20.83%,0.56,4,5.56%,0.44
20.0,Diez Benjamin,L,152506,2023,5824,France,25.0,183cm,0,0.00,0,-,-,0,-,-,0,-,-
23.0,Carle Timothée,OH,142686,2023,5824,France,28.0,195cm,79,6.08,68,48.23%,5.23,4,16.67%,0.31,7,8.86%,0.54
25.0,Jouffroy Quentin,MB,136856,2023,5824,France,30.0,202cm,32,2.46,20,51.28%,1.54,5,15.62%,0.38,7,6.25%,0.54
,Andrea Giani,COACH,N/A,2023,5824,,,,,,,,,,,,,,
1.0,Fromm Christian,OH,119779,2023,5825,Germany,33.0,204cm,29,7.25,28,48.28%,7.00,0,0.00%,0.00,1,2.78%,0.25
2.0,Tille Johannes,S,152469,2023,5825,Germany,26.0,186cm,17,1.42,1,25.00%,0.08,7,19.44%,0.58,9,6.34%,0.75
3.0,Kaliberda Denys,OH,119775,2023,5825,Germany,33.0,193cm,13,1.08,10,32.26%,0.83,1,16.67%,0.08,2,7.69%,0.17
5.0,Reichert Moritz,OH,139386,2023,5825,Germany,29.0,194cm,121,10.08,104,43.70%,8.67,8,17.78%,0.67,9,5.56%,0.75
6.0,Graven Leonard,L,182291,2023,5825,Germany,19.0,180cm,0,0.00,0,-,-,0,0.00%,0.00,0,-,-
11.0,Kampa Lukas,S,116575,2023,5825,Germany,37.0,196cm,5,0.62,2,100%,0.25,1,6.67%,0.12,2,3.39%,0.25
12.0,Brehme Anton,MB,162081,2023,5825,Germany,24.0,206cm,117,9.75,93,61.18%,7.75,13,12.62%,1.08,11,7.80%,0.92
13.0,Schott Ruben,OH,136441,2023,5825,Germany,29.0,193cm,29,2.42,21,32.81%,1.75,4,26.67%,0.33,4,7.84%,0.33
18.0,Krage Florian,MB,162790,2023,5825,Germany,27.0,203cm,33,2.75,23,56.10%,1.92,8,16.00%,0.67,2,4.08%,0.17
20.0,Weber Linus,O,162082,2023,5825,Germany,24.0,203cm,143,11.92,125,51.23%,10.42,9,15.00%,0.75,9,9.89%,0.75
21.0,Krick Tobias,MB,152349,2023,5825,Germany,25.0,210cm,53,4.42,40,60.61%,3.33,13,20.31%,1.08,0,0.00%,0.00
22.0,Brand Tobias,OH,163592,2023,5825,Germany,25.0,193cm,33,2.75,30,46.15%,2.50,3,27.27%,0.25,0,0.00%,0.00
25.0,Maase Lukas,MB,152352,2023,5825,Germany,25.0,208cm,9,1.12,6,50.00%,0.75,3,25.00%,0.38,0,0.00%,0.00
31.0,Böhme Yan,O,184322,2023,5825,Germany,26.0,203cm,47,3.92,41,46.59%,3.42,6,26.09%,0.50,0,0.00%,0.00
,Michał Winiarski,COACH,N/A,2023,5825,,,,,,,,,,,,,,
1.0,Jelveh Ghaziani Mahdi,MB,163173,2023,5826,Iran,22.0,208cm,13,1.08,12,50.00%,1.00,1,4.76%,0.08,0,0.00%,0.00
6.0,Mousavi Eraghi Seyed Mohammad,MB,118827,2023,5826,Iran,36.0,203cm,91,7.58,53,51.96%,4.42,35,27.34%,2.92,3,2.33%,0.25
8.0,Hazratpourtalatappeh Mohammadreza,L,163176,2023,5826,Iran,24.0,187cm,0,0.00,0,-,-,0,-,-,0,-,-
9.0,Moazzen Mohammadreza,L,153535,2023,5826,Iran,32.0,175cm,0,0.00,0,-,-,0,-,-,0,-,-
12.0,Esfandiar Amirhossein,OH,152752,2023,5826,Iran,25.0,209cm,65,5.42,48,36.64%,4.00,9,30.00%,0.75,8,8.25%,0.67
13.0,Ramezani Ali,S,152753,2023,5826,Iran,25.0,200cm,1,0.25,1,50.00%,0.25,0,0.00%,0.00,0,0.00%,0.00
19.0,Hossein Khanzadeh Firouzjah Poriya,OH,182470,2023,5826,Iran,19.0,198cm,63,6.30,55,49.11%,5.50,4,22.22%,0.40,4,4.82%,0.40
20.0,Homayonfarmanesh Shahrooz,OH,123413,2023,5826,Iran,34.0,192cm,18,1.50,16,57.14%,1.33,1,25.00%,0.08,1,2.27%,0.08
22.0,Afshin Far Armin,OH,189602,2023,5826,Iran,25.0,207cm,1,0.25,1,20.00%,0.25,0,0.00%,0.00,0,-,-
23.0,Saadat Bardia,O,168551,2023,5826,Iran,21.0,205cm,36,9.00,33,45.83%,8.25,3,13.64%,0.75,0,0.00%,0.00
24.0,Karimisouchelmaei Javad,S,152755,2023,5826,Iran,26.0,204cm,20,1.67,13,59.09%,1.08,5,23.81%,0.42,2,3.12%,0.17
27.0,Valizadeh Mohammad,MB,174373,2023,5826,Iran,22.0,204cm,72,6.00,46,56.10%,3.83,21,22.11%,1.75,5,3.18%,0.42
49.0,Sharifi Morteza,OH,152742,2023,5826,Iran,24.0,193cm,92,8.36,84,46.41%,7.64,4,10.26%,0.36,4,3.67%,0.36
77.0,Daneshdoust Ehsan,OH,163174,2023,5826,Iran,24.0,192cm,0,-,0,-,-,0,-,-,0,-,-
,Behrouz Ataei Nouri,COACH,N/A,2023,5826,,,,,,,,,,,,,,
5.0,Michieletto Alessandro,OH,171191,2023,5827,Italy,22.0,205cm,145,13.18,115,50.00%,10.45,17,30.91%,1.55,13,8.55%,1.18
6.0,Giannelli Simone,S,144005,2023,5827,Italy,27.0,200cm,49,4.45,27,56.25%,2.45,14,17.50%,1.27,8,4.73%,0.73
7.0,Balaso Fabio,L,150436,2023,5827,Italy,28.0,178cm,0,0.00,0,-,-,0,-,-,0,-,-
8.0,Sbertoli Riccardo,S,152370,2023,5827,Italy,25.0,188cm,1,0.09,0,-,-,1,50.00%,0.09,0,0.00%,0.00
10.0,Scanferla Leonardo,L,181128,2023,5827,Italy,25.0,184cm,0,0.00,0,-,-,0,-,-,0,-,-
12.0,Bottolo Mattia,OH,163447,2023,5827,Italy,24.0,196cm,41,3.73,37,50.00%,3.36,2,15.38%,0.18,2,5.13%,0.18
14.0,Galassi Gianluca,MB,152408,2023,5827,Italy,26.0,201cm,76,6.91,46,58.97%,4.18,22,20.37%,2.00,8,8.33%,0.73
15.0,Lavia Daniele,OH,153200,2023,5827,Italy,24.0,200cm,134,12.18,108,40.00%,9.82,20,24.10%,1.82,6,4.03%,0.55
16.0,Romanò Yuri,O,162520,2023,5827,Italy,26.0,201cm,223,14.87,185,44.47%,12.33,16,13.56%,1.07,22,11.46%,1.47
18.0,Gironi Fabrizio,OH,163032,2023,5827,Italy,24.0,200cm,3,0.27,3,23.08%,0.27,0,0.00%,0.00,0,0.00%,0.00
19.0,Russo Roberto,MB,152405,2023,5827,Italy,27.0,207cm,96,8.73,59,58.42%,5.36,24,21.05%,2.18,13,8.07%,1.18
20.0,Rinaldi Tommaso,OH,172962,2023,5827,Italy,22.0,200cm,53,3.53,47,43.12%,3.13,3,13.64%,0.20,3,4.76%,0.20
28.0,Sanguinetti Giovanni,MB,174076,2023,5827,Italy,23.0,203cm,21,1.91,12,63.16%,1.09,4,21.05%,0.36,5,14.71%,0.45
30.0,Mosca Leandro Ausibio,MB,174074,2023,5827,Italy,23.0,208cm,24,2.18,17,65.38%,1.55,7,29.17%,0.64,0,0.00%,0.00
,Ferdinando De Giorgi,COACH,N/A,2023,5827,,,,,,,,,,,,,,
2.0,Onodera Taishi,MB,142565,2023,5828,Japan,28.0,200cm,100,6.67,78,59.54%,5.20,18,16.07%,1.20,4,2.14%,0.27
4.0,Miyaura Kento,O,163038,2023,5828,Japan,25.0,190cm,136,9.07,116,55.77%,7.73,5,12.50%,0.33,15,12.50%,1.00
5.0,Otsuka Tatsunori,OH,163516,2023,5828,Japan,23.0,194cm,31,2.21,31,46.27%,2.21,0,0.00%,0.00,0,0.00%,0.00
6.0,Yamauchi Akihiro,MB,146409,2023,5828,Japan,30.0,204cm,74,4.93,58,53.21%,3.87,12,15.38%,0.80,4,2.67%,0.27
8.0,Sekita Masahiro,S,133009,2023,5828,Japan,30.0,175cm,8,0.53,2,33.33%,0.13,1,1.72%,0.07,5,2.16%,0.33
10.0,Takahashi Kentaro,MB,142561,2023,5828,Japan,29.0,202cm,25,1.67,19,63.33%,1.27,6,13.04%,0.40,0,0.00%,0.00
11.0,Tomita Shoma,OH,178761,2023,5828,Japan,26.0,190cm,9,0.60,9,60.00%,0.60,0,-,-,0,0.00%,0.00
12.0,Takahashi Ran,OH,178762,2023,5828,Japan,22.0,188cm,198,13.20,173,55.27%,11.53,10,13.89%,0.67,15,7.43%,1.00
13.0,Ogawa Tomohiro,L,180990,2023,5828,Japan,27.0,176cm,0,0.00,0,-,-,0,-,-,0,-,-
14.0,Ishikawa Yuki,OH,142568,2023,5828,Japan,28.0,191cm,275,18.33,237,52.90%,15.80,17,15.74%,1.13,21,9.09%,1.40
18.0,Nishiyama Hiroto,O,192453,2023,5828,Japan,21.0,193cm,4,1.33,3,42.86%,1.00,0,0.00%,0.00,1,20.00%,0.33
20.0,Yamamoto Tomohiro,L,172893,2023,5828,Japan,29.0,171cm,0,0.00,0,-,-,0,-,-,0,-,-
21.0,Eiro Motoki,S,142562,2023,5828,Japan,27.0,192cm,1,0.14,0,-,-,1,12.50%,0.14,0,0.00%,0.00
28.0,Evbade-Dan Larry Ik,MB,189039,2023,5828,Japan,23.0,195cm,2,0.40,2,40.00%,0.40,0,0.00%,0.00,0,0.00%,0.00
,Philippe Blain,COACH,N/A,2023,5828,,,,,,,,,,,,,,
1.0,Korenblek Siebe,MB,188782,2023,5829,Netherlands,21.0,215cm,4,0.33,2,100%,0.17,2,50.00%,0.17,0,0.00%,0.00
2.0,Keemink Wessel,S,141546,2023,5829,Netherlands,30.0,197cm,23,1.92,12,80.00%,1.00,8,14.29%,0.67,3,2.27%,0.25
3.0,Van Garderen Maarten,OH,139929,2023,5829,Netherlands,34.0,200cm,128,10.67,103,44.78%,8.58,15,34.88%,1.25,10,7.63%,0.83
4.0,Ter Horst Thijs,OH,137345,2023,5829,Netherlands,32.0,204cm,13,1.62,11,37.93%,1.38,1,12.50%,0.12,1,10.00%,0.12
5.0,van Der Ent Cornelis Luuc,MB,169921,2023,5829,Netherlands,25.0,208cm,0,-,0,-,-,0,-,-,0,-,-
6.0,Meijs Silvester,S,188784,2023,5829,Netherlands,22.0,202cm,4,0.33,0,0.00%,0.00,3,30.00%,0.25,1,5.88%,0.08
7.0,Jorna Gijs,OH,131980,2023,5829,Netherlands,34.0,196cm,42,3.50,34,31.78%,2.83,7,15.22%,0.58,1,0.95%,0.08
8.0,Plak Fabian,MB,156678,2023,5829,Netherlands,26.0,198cm,89,7.42,57,52.29%,4.75,25,21.37%,2.08,7,5.11%,0.58
12.0,Tuinstra Bennie Junior,OH,170436,2023,5829,Netherlands,23.0,200cm,83,6.92,69,42.86%,5.75,3,15.79%,0.25,11,11.11%,0.92
14.0,Abdel-Aziz Nimir,O,137498,2023,5829,Netherlands,32.0,201cm,217,18.08,184,51.83%,15.33,8,17.78%,0.67,25,13.97%,2.08
16.0,Ter Maat Wouter,O,154521,2023,5829,Netherlands,32.0,200cm,52,6.50,46,54.76%,5.75,4,28.57%,0.50,2,5.41%,0.25
18.0,Andringa Robbert,L,121992,2023,5829,Netherlands,33.0,192cm,0,0.00,0,-,-,0,-,-,0,-,-
22.0,Wiltenburg Twan,MB,150703,2023,5829,Netherlands,27.0,205cm,57,4.75,34,57.63%,2.83,20,23.53%,1.67,3,2.05%,0.25
30.0,Lipke Niels,L,188785,2023,5829,Netherlands,21.0,180cm,0,-,0,-,-,0,-,-,0,-,-
,Roberto Piazza,COACH,N/A,2023,5829,,,,,,,,,,,,,,
3.0,Popiwczak Jakub,L,153388,2023,5830,Poland,27.0,180cm,0,0.00,0,-,-,0,-,-,0,-,-
5.0,Kaczmarek Lukasz,O,162105,2023,5830,Poland,29.0,204cm,86,12.29,74,56.06%,10.57,10,20.83%,1.43,2,2.67%,0.29
6.0,Kurek Bartosz,O,115806,2023,5830,Poland,35.0,205cm,82,7.45,76,47.50%,6.91,4,11.11%,0.36,2,2.70%,0.18
9.0,Leon Venero Wilfredo,OH,119646,2023,5830,Poland,30.0,202cm,137,12.45,109,50.00%,9.91,14,28.00%,1.27,14,12.73%,1.27
10.0,Bednorz Bartosz,OH,150742,2023,5830,Poland,29.0,201cm,48,4.36,40,47.06%,3.64,5,21.74%,0.45,3,4.76%,0.27
11.0,Sliwka Aleksander,OH,142679,2023,5830,Poland,28.0,196cm,84,12.00,74,57.36%,10.57,6,17.14%,0.86,4,4.21%,0.57
12.0,Lomacz Grzegorz,S,115794,2023,5830,Poland,36.0,187cm,6,0.40,2,100%,0.13,3,13.64%,0.20,1,1.45%,0.07
15.0,Kochanowski Jakub,MB,152870,2023,5830,Poland,26.0,199cm,78,7.09,45,70.31%,4.09,20,19.80%,1.82,13,10.74%,1.18
16.0,Semeniuk Kamil,OH,153395,2023,5830,Poland,27.0,195cm,59,5.36,46,43.81%,4.18,8,30.77%,0.73,5,6.25%,0.45
17.0,Zatorski Pawel,L,118614,2023,5830,Poland,33.0,184cm,0,0.00,0,-,-,0,-,-,0,-,-
19.0,Janusz Marcin,S,165942,2023,5830,Poland,29.0,196cm,3,0.43,0,0.00%,0.00,1,4.17%,0.14,2,2.82%,0.29
20.0,Bieniek Mateusz,MB,150734,2023,5830,Poland,29.0,210cm,77,7.00,56,57.73%,5.09,9,11.54%,0.82,12,9.38%,1.09
21.0,Fornal Tomasz,OH,152866,2023,5830,Poland,26.0,198cm,32,4.57,30,44.12%,4.29,2,11.11%,0.29,0,0.00%,0.00
99.0,Huber Norbert,MB,152869,2023,5830,Poland,25.0,204cm,65,5.91,39,60.00%,3.55,17,24.64%,1.55,9,7.50%,0.82
,Nikola Grbić,COACH,N/A,2023,5830,,,,,,,,,,,,,,
2.0,Kovacevic Uros,OH,124926,2023,5831,Serbia,30.0,197cm,1,0.25,1,9.09%,0.25,0,0.00%,0.00,0,0.00%,0.00
3.0,Kapur Milorad,L,136360,2023,5831,Serbia,33.0,181cm,0,0.00,0,-,-,0,-,-,0,-,-
4.0,Mašulović Veljko,OH,192041,2023,5831,Serbia,21.0,198cm,1,0.12,0,0.00%,0.00,1,100%,0.12,0,0.00%,0.00
7.0,Krsmanovic Petar,MB,146579,2023,5831,Serbia,33.0,205cm,100,8.33,64,61.54%,5.33,29,29.59%,2.42,7,4.07%,0.58
8.0,Ivovic Marko,OH,132022,2023,5831,Serbia,33.0,194cm,68,8.50,58,38.67%,7.25,5,15.15%,0.62,5,4.81%,0.62
10.0,Kujundžić Miran,OH,162122,2023,5831,Serbia,26.0,196cm,151,12.58,124,48.63%,10.33,11,20.37%,0.92,16,9.58%,1.33
11.0,Batak Aleksa,S,173249,2023,5831,Serbia,24.0,198cm,1,0.08,0,0.00%,0.00,1,6.25%,0.08,0,0.00%,0.00
12.0,Peric Pavle,OH,173251,2023,5831,Serbia,25.0,207cm,74,6.17,62,42.18%,5.17,8,34.78%,0.67,4,5.71%,0.33
15.0,Masulovic Nemanja,MB,150382,2023,5831,Serbia,28.0,205cm,4,0.50,3,50.00%,0.38,0,0.00%,0.00,1,10.00%,0.12
16.0,Luburic Drazen,O,143794,2023,5831,Serbia,30.0,202cm,192,16.00,172,48.86%,14.33,7,12.50%,0.58,13,7.47%,1.08
18.0,Podrascanin Marko,MB,116525,2023,5831,Serbia,36.0,204cm,0,-,0,-,-,0,-,-,0,-,-
21.0,Todorovic Vuk,S,173250,2023,5831,Serbia,25.0,190cm,17,1.42,6,50.00%,0.50,8,15.38%,0.67,3,2.34%,0.25
23.0,Vucicevic Bozidar,O,168276,2023,5831,Serbia,25.0,205cm,21,1.75,18,40.91%,1.50,3,27.27%,0.25,0,0.00%,0.00
29.0,Nedeljkovic Aleksandar,MB,164985,2023,5831,Serbia,26.0,205cm,94,7.83,61,64.89%,5.08,29,22.66%,2.42,4,2.76%,0.33
,Igor Kolaković,COACH,N/A,2023,5831,,,,,,,,,,,,,,
2.0,Pajenk Alen,MB,114962,2023,5832,Slovenia,37.0,203cm,87,6.69,66,56.90%,5.08,18,15.79%,1.38,3,1.82%,0.23
3.0,Planinšič Uroš,S,168715,2023,5832,Slovenia,25.0,186cm,4,0.31,0,0.00%,0.00,4,22.22%,0.31,0,0.00%,0.00
4.0,Kozamernik Jan,MB,151391,2023,5832,Slovenia,28.0,204cm,89,6.85,55,56.70%,4.23,24,17.91%,1.85,10,4.61%,0.77
5.0,Kök Matej,OH,151405,2023,5832,Slovenia,27.0,196cm,6,0.46,6,31.58%,0.46,0,0.00%,0.00,0,0.00%,0.00
6.0,Toman Urban,L,161756,2023,5832,Slovenia,26.0,185cm,0,0.00,0,-,-,0,-,-,0,-,-
10.0,Štalekar Sašo,MB,151404,2023,5832,Slovenia,27.0,214cm,5,0.38,5,50.00%,0.38,0,0.00%,0.00,0,0.00%,0.00
11.0,Koncilja Danijel,MB,144483,2023,5832,Slovenia,33.0,201cm,0,-,0,-,-,0,-,-,0,-,-
13.0,Kovačič Jani,L,144415,2023,5832,Slovenia,31.0,186cm,0,0.00,0,-,-,0,-,-,0,-,-
14.0,Štern Žiga,OH,155920,2023,5832,Slovenia,30.0,193cm,49,3.77,44,51.16%,3.38,4,14.29%,0.31,1,2.44%,0.08
16.0,Ropret Gregor,S,119018,2023,5832,Slovenia,35.0,192cm,13,1.00,6,33.33%,0.46,6,10.91%,0.46,1,0.81%,0.08
17.0,Urnaut Tine,OH,114957,2023,5832,Slovenia,35.0,200cm,186,14.31,164,46.99%,12.62,4,7.84%,0.31,18,9.38%,1.38
18.0,Čebulj Klemen,OH,136918,2023,5832,Slovenia,32.0,202cm,172,13.23,145,44.48%,11.15,18,25.35%,1.38,9,4.95%,0.69
19.0,Možič Rok,OH,168747,2023,5832,Slovenia,22.0,200cm,164,12.62,140,48.44%,10.77,14,20.90%,1.08,10,8.26%,0.77
20.0,Mujanovič Nik,O,182325,2023,5832,Slovenia,19.0,206cm,1,0.11,1,100%,0.11,0,-,-,0,-,-
,Gheorghe Cretu,COACH,N/A,2023,5832,,,,,,,,,,,,,,
1.0,Anderson Matthew,O,118893,2023,5833,United States,36.0,202cm,161,10.73,136,50.75%,9.07,8,10.81%,0.53,17,10.37%,1.13
2.0,Russell Aaron,OH,132624,2023,5833,United States,30.0,205cm,107,7.64,84,45.41%,6.00,10,21.28%,0.71,13,12.50%,0.93
4.0,Jendryk II Jeffrey,MB,147721,2023,5833,United States,28.0,208cm,36,2.40,30,55.56%,2.00,4,11.11%,0.27,2,3.23%,0.13
8.0,Defalco Torey,OH,139254,2023,5833,United States,26.0,198cm,172,11.47,143,51.25%,9.53,13,15.48%,0.87,16,9.36%,1.07
9.0,Hanes Jake,O,170104,2023,5833,United States,25.0,210cm,36,3.27,27,42.86%,2.45,3,23.08%,0.27,6,13.64%,0.55
10.0,Dagostino Kyle,L,142445,2023,5833,United States,28.0,175cm,0,0.00,0,-,-,0,-,-,0,-,-
11.0,Christenson Micah,S,124879,2023,5833,United States,30.0,198cm,25,1.67,6,28.57%,0.40,15,21.74%,1.00,4,2.42%,0.27
12.0,Holt Maxwell,MB,118901,2023,5833,United States,37.0,205cm,74,4.93,53,63.86%,3.53,12,12.24%,0.80,9,6.67%,0.60
14.0,Ma'a Micah,S,147421,2023,5833,United States,26.0,192cm,10,0.91,5,55.56%,0.45,4,25.00%,0.36,1,3.23%,0.09
17.0,Jaeschke Thomas,OH,143682,2023,5833,United States,30.0,198cm,98,8.91,80,46.78%,7.27,11,37.93%,1.00,7,7.07%,0.64
18.0,Muagututia Garrett,OH,133463,2023,5833,United States,36.0,205cm,32,2.91,28,48.28%,2.55,2,18.18%,0.18,2,4.88%,0.18
19.0,Averill Taylor,MB,148120,2023,5833,United States,32.0,201cm,56,3.73,43,71.67%,2.87,7,15.22%,0.47,6,7.89%,0.40
20.0,Smith David,MB,116069,2023,5833,United States,38.0,201cm,69,4.60,41,56.16%,2.73,22,23.91%,1.47,6,5.22%,0.40
22.0,Shoji Erik,L,119732,2023,5833,United States,34.0,184cm,0,0.00,0,-,-,0,-,-,0,-,-
,John Speraw,COACH,N/A,2023,5833,,,,,,,,,,,,,,
